prompt_id,condition,domain,question,context,pairwise,q_tokens,ctx_tokens,combined_tokens,token_limit_flag,context_question_similarity,similarity_variance_flag,rater_scores,DS_mean_token_entropy,DS_delta_token_entropy,DS_first_token_entropy,DS_peak_entropy_position,DS_beam_mean_cosine_sim,DS_beam_cluster_entropy,DS_beam_embed_nan_positions,DS_caa_mean_l2,DS_caa_mean_cosine,DS_displacement_cosine_vs_direct,DS_nan_layers_sanitized,DS_semantic_entropy,DS_timing_s,LL_mean_token_entropy,LL_first_token_entropy,LL_peak_entropy_position,LL_beam_mean_cosine_sim,LL_beam_cluster_entropy,LL_beam_embed_nan_positions,LL_caa_mean_l2,LL_caa_mean_cosine,LL_displacement_cosine_vs_direct,LL_nan_layers_sanitized,LL_semantic_entropy,LL_timing_s,QW_mean_token_entropy,QW_first_token_entropy,QW_peak_entropy_position,QW_beam_mean_cosine_sim,QW_beam_cluster_entropy,QW_beam_embed_nan_positions,QW_caa_mean_l2,QW_caa_mean_cosine,QW_displacement_cosine_vs_direct,QW_nan_layers_sanitized,QW_semantic_entropy,QW_timing_s,D1_mean_token_entropy,D1_first_token_entropy,D1_peak_entropy_position,D1_beam_mean_cosine_sim,D1_beam_cluster_entropy,D1_beam_embed_nan_positions,D1_caa_mean_l2,D1_caa_mean_cosine,D1_displacement_cosine_vs_direct,D1_nan_layers_sanitized,D1_semantic_entropy,D1_timing_s,MS_mean_token_entropy,MS_first_token_entropy,MS_peak_entropy_position,MS_beam_mean_cosine_sim,MS_beam_cluster_entropy,MS_beam_embed_nan_positions,MS_caa_mean_l2,MS_caa_mean_cosine,MS_displacement_cosine_vs_direct,MS_nan_layers_sanitized,MS_semantic_entropy,MS_timing_s
1,no_context,social,Why do humans form social hierarchies?,,0,9,0,9,0,,,,0.5306612589955331,,,66,0.9198248982429504,2.1639556559820567,0,0,1,,,1.4978661361769956,278.18,0.3849002294639746,,94,0.9226412177085876,1.8866967839580786,0,0,1,,,1.8866967839580782,330.07,0.5304449250996113,,0,0.7567230463027954,2.0253262199700677,1608,0,1,,28,1.973001405593613,348.7,0.9695509868145848,,100,0.9882906675338745,2.1639556559820567,0,0,1,,,1.4978661361769956,520.67,0.508710219,,97,0.937823653,1.748067348,0,0,1,,,2.302585092,396.59
2,direct_information,social,Why do humans form social hierarchies?,The user is a sociologist.,1a,9,7,16,0,0.4820123612880707,0,4.63,0.5025667918523153,0.028094467,,62,0.9557600021362305,2.302585091994046,0,32.30271467470354,0.9275158605267925,,,1.973001405593613,275.12,0.34106931758920356,,93,0.9388927221298218,2.1639556559820567,0,10.239701921741167,0.894258338,,,2.302585091994046,336.07,0.5527368706564109,,0,0.833583415,2.0253262199700677,1678,24.869034676716247,0.974929752,,28,2.1639556559820567,362.2,1.0089046262581607,,106,0.9862478375434875,1.973001405593613,0,9.748754459832396,0.9716676345893315,,,1.8343719695816239,533.48,0.476769309,,85,0.936392963,2.02532622,0,8.819512623,0.918891018,,,2.02532622,410.57
3,implicature_information,social,Why do humans form social hierarchies?,The user is sitting in a crowded open-plan office.,1b,9,11,20,0,0.27758389711380005,0,3,0.48057470346348624,0.050086556,,80,0.9421601891517639,2.0253262199700677,0,31.37238407904102,0.9277731430146002,0.7010627726713816,,1.4978661361769956,266.5,0.40785777241984994,,89,0.908044159,2.0253262199700677,0,9.748490493,0.8953715707316543,0.6251052217558026,,1.8343719695816234,330.96,0.5818885998115653,,0,0.7376261353492737,1.973001405593613,1710,22.48297079267173,0.9773227678877967,0.6024622873023704,28,2.0253262199700677,351.05,1.094177023202977,,76,0.9867494106292725,2.1639556559820567,0,8.259554255221571,0.9770290510995048,0.6581804332909761,,0.9404479882553265,480.66,0.548449555,,78,0.932910264,2.302585092,0,6.689509491,0.928825241,0.616960432,,2.302585092,408.3
4,stochastic_information,social,Why do humans form social hierarchies?,The user is wearing red sneakers.,1c,9,7,16,0,0.20382331311702728,0,1.38,0.48124328735151467,0.049417972,,71,0.9289084672927856,2.302585091994046,0,36.405769163562404,0.9157494806474255,0.6845844050248464,,2.1639556559820567,279.38,0.3899667327304681,,102,0.9409641027450562,0.9404479882553265,0,8.667633270675486,0.8994710409280026,0.6300598122179508,,1.6094379118341005,325.46,0.3872241062323252,,84,0.9290368556976318,1.973001405593613,1682,48.426134664436866,0.9455897573913846,0.5695187791630074,,1.8343719695816239,360.58,0.8796418223164514,,75,0.9905642867088318,1.973001405593613,0,7.761763937239136,0.9782231343644006,0.7006463673379686,,2.1639556559820567,507.8,0.525006181,,88,0.937199414,1.748067348,0,8.329364659,0.905106136,0.566132607,,1.973001406,392.95
5,no_context,social,Why do people gossip?,,0,5,0,5,0,,,,0.47584839356674175,,,79,0.9506223797798157,1.7480673478460895,0,0,1,,,1.7480673478460895,245.25,0.3202251847485701,,98,0.9133328795433044,1.2275294109572128,0,0,1,,,1.6094379118341005,321.46,0.6014275988340378,,0,0.8318029046058655,1.973001405593613,1577,0,1,,28,2.0253262199700677,368.7,0.8589076554903341,,89,0.9853140115737915,1.3592367001650065,0,0,1,,,1.2798542254336676,549.42,0.480590113,,105,0.95488143,1.497866136,0,0,1,,,1.470808476,396.52
6,direct_information,social,Why do people gossip?,The user is a social psychologist.,2a,5,7,12,0,0.4871504306793213,0,4.63,0.4139556401190675,0.061892753,,108,0.9423325657844543,1.2275294109572128,0,38.62903836465651,0.912668074,,,1.6957425335696348,247.77,0.3400825065672397,,105,0.9415801763534546,1.504788283181191,0,11.443556823513724,0.8626027161424811,,,1.0888999749452237,316.29,0.6201729826827844,,0,0.7288456559181213,1.2798542254336676,1618,28.165284539091175,0.9687654418604714,,28,0.6730116668092565,358.8,0.9002374270883644,,80,0.9839706420898438,1.2275294109572128,0,10.459822695702314,0.9652008882590702,,,1.2275294109572128,534.36,0.520603541,,66,0.964879334,1.279854225,0,7.978809198,0.912465594,,,1.695742534,398.92
7,implicature_information,social,Why do people gossip?,The user is getting their nails done.,2b,5,8,13,0,0.2873786687850952,0,3,0.4462176094952196,0.029630784,,85,0.963665247,1.4978661361769956,0,43.90493198,0.8928281741757547,0.6337528010209401,,2.1639556559820567,261.24,0.2984826485017935,,108,0.933699906,1.3592367001650065,0,15.46572567,0.7353263081926288,0.5748534500598907,,1.3592367001650065,314.57,0.5881352809640904,,0,0.8442667722702026,2.1639556559820567,1648,36.88484213,0.9492177558796746,0.5638056066301134,28,1.8866967839580784,354.7,0.8478288112072582,,90,0.991408646,1.0296530137645736,0,10.246528673917055,0.9663544871977398,0.6659723387824165,,1.643417719,503.61,0.482469139,,67,0.947591484,1.220607264,0,7.613329204,0.899048823,0.510294893,,1.497866136,380.04
8,stochastic_information,social,Why do people gossip?,The user has curly hair.,2c,5,6,11,0,0.23601102828979492,0,1.75,0.5066859460181095,-0.030837552,,103,0.9250771403312683,1.4978661361769956,0,37.18614526525621,0.9161149628700749,0.6094217419624328,,1.7480673479460895,249.9,0.3291772334178288,,102,0.9057443141937256,1.504788283181191,0,9.862188440832226,0.8763882770682826,0.6029620673507452,,1.2206072641530175,317.27,0.5215071413417658,,0,0.8452425599098206,2.0253262199700677,1631,29.091051085241908,0.9651387589318412,0.5308183321246395,28,1.2275294109572128,355.22,0.8172789478978869,,70,0.9876779317855835,2.0253262199700677,0,10.229845035289015,0.9672923684120178,0.6457747662508929,,0.9433483920290392,483.11,0.450048026,,74,0.924769819,2.02532622,0,10.25318561,0.859075712,0.525982199,,1.83437197,383.93
9,no_context,natural,Why do we age?,,0,5,0,5,0,,,,0.4306228329164526,,,54,0.9409943222999573,2.302585091994046,0,0,1,,,2.0253262199700677,259.27,0.22455883043011027,,73,0.917753279,2.0253262199700677,0,0,1,,,1.6957425335696348,324.18,0.43850904187560075,,0,0.8949492573738098,2.0253262199700677,1540,0,1,,28,2.0253262199700677,345.8,0.6741635978051974,,80,0.9831587076187134,1.6094379118341005,0,0,1,,,2.1639556559820567,548.62,0.339981529,,70,0.946368158,2.163955656,0,0,1,,,2.302585092,406.61
10,direct_information,natural,Why do we age?,The user is a gerontologist.,3a,5,8,13,0,0.6216428875923157,0,4,0.41717800539366595,0.013444828,,72,0.9256312251091003,2.302585091994046,0,36.954616423576105,0.9163862678312487,,,2.302585091994046,262.12,0.21843344083428384,,60,0.9277997612953186,2.0253262199700677,0,13.595309559142951,0.8122505672050245,,,2.0253262199700677,329.15,0.42670308287938435,,0,0.7770755290985107,2.1639556559820567,1562,31.78303339563567,0.9638584469045911,,28,2.0253262199700677,362.86,0.6776429693734369,,81,0.9849829077720642,1.8866967839580786,0,13.081895577056068,0.9534937185900552,,,1.8866967839580782,552.36,0.380420691,,82,0.919479787,1.886696784,0,7.036928476,0.906489036,,,2.163955656,406.99
11,implicature_information,natural,Why do we age?,The user is helping an elderly relative.,3b,5,8,13,0,0.41260606050491333,0,3.75,0.4068343843370676,0.023788449,,77,0.9201256632804871,2.302585091994046,0,33.97229841,0.9196074566533489,0.7318132042884826,,2.302585091994046,283.09,0.28846013985077545,,50,0.9030628800392151,2.302585091994046,0,11.750599173433853,0.8464604020118713,0.7210662811994553,,2.1639556559820567,335.5,0.42813663063446683,,0,0.7512566447257996,2.0253262199700677,1589,24.29474055355993,0.9739684228386197,0.6837269111915871,28,2.1639556559820567,365.09,0.7178039996497934,,97,0.9841331243515015,2.0253262199700677,0,11.471363137875285,0.9602653511932918,0.7714004891890066,,1.8343719695816234,535.87,0.390452111,,109,0.919113994,2.302585092,0,6.665356603,0.896460802,0.69837609,,2.02532622,405.65
12,stochastic_information,natural,Why do we age?,The user is carrying an umbrella.,3c,5,7,12,0,0.29689615964889526,0,1.5,0.49625571951773456,-0.065632887,,82,0.924830437,2.1639556559820567,0,41.947843513181134,0.8991294599348499,0.6086909463008244,,2.302585091994046,241,0.29495045895377797,,12,0.9068282842636108,1.973001405593613,0,13.62841349614389,0.7840970808809454,0.6658288482576609,,2.1639556559820567,328.01,0.32864207885662716,,90,0.9455456137657166,1.643417719,1592,47.33512497359309,0.9486108890601567,0.5938384301132626,,2.0253262199700677,365.47,0.744785737,,90,0.8538910746574402,2.0253262199700677,0,17.68966724191393,0.9173994681664875,0.7060445966543974,,1.8343719695816239,511.3,0.439856761,,56,0.923211992,1.973001406,0,12.2178804,0.816192773,0.657418023,,1.83437197,341.8
13,no_context,natural,Why do leaves change colour in autumn?,,0,8,0,8,0,,,,0.379357785,,,95,0.9426716566085815,1.8343719695816239,0,0,1,,,2.1639556559820567,251.39,0.301403968,,75,0.92580539,1.973001405593613,0,0,1,,,1.504788283181191,318.59,0.5358510337358429,,0,0.5561419725418091,1.6094379118341005,1402,0,1,,28,1.6094379118341005,328.38,0.8068390343977342,,85,0.986792266,2.302585091994046,0,0,1,,,2.302585091994046,525.68,0.33708699,,90,0.96097672,1.886696784,0,0,1,,,2.163955656,410.33
14,direct_information,natural,Why do leaves change colour in autumn?,The user is a botanist.,4a,8,8,16,0,0.43174096941947937,0,4.63,0.41846974769811585,-0.039111963,,77,0.9350989460945129,2.1639556559820567,0,35.948789262002514,0.9168365559270305,,,2.302585091994046,269.89,0.2806421961188317,,60,0.9571284055709839,1.973001405593613,0,12.887873044519713,0.8208014928933346,,,1.973001405593613,323.67,0.48251851863378575,,0,0.8543886542320251,2.0253262199700677,1572,38.81619928623068,0.9498370672975268,,28,2.0253262199700677,340.51,0.7508365579941376,,77,0.986515999,2.1639556559820567,0,11.782934223434754,0.9636965777192797,,,2.302585091994046,519.67,0.364760823,,64,0.956803203,2.163955656,0,6.194821893,0.928118419,,,2.02532622,410.57
15,implicature_information,natural,Why do leaves change colour in autumn?,The user is walking through a park.,4b,8,8,16,0,0.2810074985027313,0,4.25,0.3645508839656909,0.014806901,,85,0.9369170069694519,2.1639556559820567,0,35.69340106364219,0.9199987553781078,0.8164007623990377,,2.302585091994046,276.26,0.2634951977431774,,71,0.946216345,2.1639556559820567,0,10.926352202440754,0.8658609119328585,0.7281525619328022,,1.4978661361769956,327.72,0.3985569438414696,,0,0.8343554139137268,2.1639556559820567,1551,24.126550127720012,0.9766336764608111,0.6942577693197463,28,2.1639556559820567,340.13,0.7881208850604676,,87,0.9869802594184875,1.973001405593613,0,8.786974541310753,0.9772813639470509,0.7544978746661434,,1.8343719695816239,516.67,0.362096355,,75,0.957071543,2.163955656,0,6.382117015,0.922669682,0.744386518,,2.163955656,404.51
16,stochastic_information,natural,Why do leaves change colour in autumn?,The user is wearing a blue coat.,4c,8,8,16,0,0.2555951178073883,0,1.88,0.3917128169403615,-0.012355032,,81,0.8822788000106812,2.1639556559820567,0,40.21625359019926,0.900559664,0.7563358346621195,,2.302585091994046,271.98,0.29760015042622884,,30,0.9345203638076782,2.0253262199700677,0,11.512258784789028,0.8328767075683131,0.6760498825460672,,2.302585091994046,326.38,0.32121764968832334,,59,0.8869731426239014,2.0253262199700677,1673,53.16635073875559,0.9353149682283401,0.645183974,,2.0253262199700677,364.24,0.8201613911429885,,103,0.985099733,1.7480673478460895,0,10.237852460571698,0.9691090094191688,0.7359479731983609,,2.1639556559820567,562.26,0.378523619,,42,0.963719845,1.748067348,0,7.884629492,0.893122539,0.662200195,,1.83437197,405.45
17,no_context,economic,Why does the cost of living keep rising?,,0,9,0,9,0,,,,0.33011765943587124,,,88,0.9339037537574768,1.8343719695816239,0,0,1,,,1.973001405593613,263.61,0.23321552901466686,,109,0.9321156144142151,1.973001405593613,0,0,1,,,1.973001405593613,331.17,0.46189393089214964,,0,0.5977090001106262,1.8343719695816239,1525,0,1,,28,1.4184836614456566,365.26,0.6877627,,37,0.9878836870193481,2.1639556559820567,0,0,1,,,2.0253262199700677,398.74,0.319152794,,81,0.951018035,1.695742534,0,0,1,,,2.02532622,402.18
18,direct_information,economic,Why does the cost of living keep rising?,The user is an economist.,5a,9,6,15,0,0.5217922925949097,0,4.25,0.3276546350614778,0.002463024,,100,0.9100121259689331,2.302585091994046,0,35.74368744319485,0.9219822998969786,,,1.973001405593613,276.83,0.23093725031614304,,87,0.9351598024368286,2.0253262199700677,0,11.908370079416217,0.8506916707212274,,,1.973001405593613,332.91,0.44634185012181604,,0,0.7673301100730896,2.0253262199700677,1628,26.08682447466357,0.9729102892535073,,28,1.6957425335696348,365.49,0.7428472537527229,,67,0.9777360558509827,2.302585091994046,0,13.730556401291064,0.9402788962636676,,,2.0253262199700677,477.56,0.375239148,,87,0.940438986,1.83437197,0,5.166780515,0.943725953,,,1.83437197,405.8
19,implicature_information,economic,Why does the cost of living keep rising?,The user is in line at the supermarket.,5b,9,9,18,0,0.29524877667427063,0,3.13,0.3681685351074761,-0.038050876,,89,0.933349609,2.302585091994046,0,34.79884462779568,0.9219910137114986,0.7815930187702179,,1.7480673478460895,277.45,0.29836854069431623,,85,0.9329701662063599,1.973001405593613,0,11.573947296449631,0.8490725520885352,0.6619287738576531,,2.0253262199700677,328.69,0.3333185083270073,,74,0.9752855896949768,2.0253262199700677,1670,30.68881969616331,0.9796675720385143,0.6047989726066589,,2.1639556559820567,376.15,0.6579220946867423,,59,0.9792211651802063,1.4978661361769956,0,9.730172931083612,0.9677772245236805,0.7019547621409098,,2.1639556559820567,455.39,0.34881482,,74,0.963599622,1.609437912,0,4.35196329,0.942895279,0.693175167,,1.748067348,406.13
20,stochastic_information,economic,Why does the cost of living keep rising?,The user is drinking coffee.,5c,9,6,15,0,0.27270084619522095,0,2.5,0.42583352022166376,-0.095715861,,83,0.9308305382728577,2.1639556559820567,0,38.75824616416808,0.9097920040930471,0.723728065,,2.1639556559820567,258.9,0.28512602113684016,,76,0.9151964783668518,1.6957425335696343,0,14.225408853003472,0.778625977,0.6445537321269512,,1.6957425335696346,323.7,0.28883546312650044,,95,0.9661403894424438,2.1639556559820567,1610,33.60594094416191,0.9732887915202549,0.5845909306296596,,2.0253262199700677,374.18,0.8558453289848357,,54,0.9762633442878723,2.302585091994046,0,11.251938996038266,0.9586251548358372,0.8390526837772794,,2.0253262199700677,439.9,0.332482412,,89,0.95994848,1.227529411,0,6.470626435,0.923576223,0.622550432,,2.163955656,405.78
21,no_context,economic,Why do recessions happen?,,0,6,0,6,0,,,,0.48158239834439537,,,71,0.9598819017410278,2.302585091994046,0,0,1,,,1.4978661361769956,261.92,0.25173522303501766,,107,0.9335140585899353,1.8343719695816234,0,0,1,,,1.6094379118341005,322.6,0.4481569305161635,,0,0.5432243347167969,1.8343719695816234,1492,0,1,,28,1.4184836614456566,367.51,0.7640810764195582,,106,0.9848641157150269,1.6957425335696348,0,0,1,,,2.0253262199700677,550.94,0.403806974,,95,0.916900814,1.3592367,0,0,1,,,1.609437912,396.52
22,direct_information,economic,Why do recessions happen?,The user is a central bank analyst.,6a,6,8,14,0,0.47274574637413025,0,4.88,0.3868132819627691,0.094769116,,79,0.921147346,2.0253262199700677,0,35.86762379446337,0.9160797269113602,,,1.973001405593613,269.84,0.2598718228538831,,84,0.9216455817222595,2.0253262199700677,0,11.935581871054389,0.8531597581776705,,,2.302585091994046,336.43,0.46888532791535054,,0,0.6944935321807861,2.0253262199700677,1597,24.749439264165943,0.9771818859236581,,28,2.302585091994046,375.71,0.7458422452068276,,92,0.9809827208518982,2.0253262199700677,0,10.676186954336506,0.9666033983230591,,,2.1639556559820567,551.08,0.394178961,,64,0.921769798,2.163955656,0,5.161979481,0.936444328,,,1.973001406,407.25
23,implicature_information,economic,Why do recessions happen?,The user is reviewing a company quarterly report.,6b,6,9,15,0,0.35638800263404846,0,4.38,0.43283885520680904,0.048743543,,78,0.9483041763305664,1.973001405593613,0,41.603368620718676,0.8933988117402599,0.7476929783821106,,2.1639556559820567,248.11,0.22235662029186884,,77,0.9481724500656128,1.504788283181191,0,10.098876130851833,0.8768579291574883,0.7453752998262644,,2.0253262199700677,329.12,0.47079655648271246,,0,0.5813478231430054,1.973001405593613,1499,23.19438196872843,0.9750615464789527,0.7501030586383961,28,2.1639556559820567,374.3,0.7252392546407144,,96,0.9793801307678223,1.4978661361769956,0,11.925713974450316,0.9570845280374799,0.7972479396396213,,2.0253262199700677,497.63,0.403126011,,106,0.922514021,2.02532622,0,7.226476743,0.897235327,0.74383563,,2.02532622,409.7
24,stochastic_information,economic,Why do recessions happen?,The user is listening to music.,6c,6,7,13,0,0.2509971857070923,0,1.25,0.46414582185492376,0.017436576,,80,0.9174690842628479,1.4978661361769956,0,42.92922217230643,0.8927500786319855,0.6911911050478617,,2.302585091994046,270.1,0.23495531231164932,,98,0.9095476865768433,2.0253262199700677,0,12.061118653777873,0.825284096,0.6230511115863919,,1.4184836614456566,326.58,0.35847226237257324,,97,0.9375839233398438,2.0253262199700677,1591,49.90220840634971,0.9491284383194787,0.6161127145643588,,1.4184836614456566,373.75,0.8071406126325705,,67,0.9845430254936218,2.1639556559820567,0,11.167078728654555,0.9616603276559285,0.7236769972024141,,2.0253262199700677,563.23,0.383720928,,91,0.913014114,1.83437197,0,9.915194499,0.868731957,0.605601349,,1.886696784,403.01
25,no_context,social,Why do people follow rules?,,0,6,0,6,0,,,,0.4547244726667802,,,92,0.9471480250358582,0.9404479882553265,0,0,1,,,1.6094379118341005,259.74,0.30399181796113656,,80,0.9171965718269348,1.4708084758221114,0,0,1,,,1.1682824497765627,324.04,0.5112058469454448,,0,0.73944515,1.8866967839580786,1565,0,1,,28,1.504788283181191,372.98,0.8991263057060122,,68,0.9872369766235352,1.3592367001650065,0,0,1,,,1.2275294109572128,449.78,0.410943165,,78,0.93236506,1.3592367,0,0,1,,,1.504788283,391.12
26,direct_information,social,Why do people follow rules?,The user is a criminologist.,7a,6,8,14,0,0.4624421298503876,0,4.13,0.44621564453343543,0.008508828,,71,0.920288622,1.8343719695816239,0,37.26627718440948,0.9152766312322309,,,2.0253262199700677,278.29,0.3031005397836367,,84,0.9157588481903076,1.6957425335696348,0,12.361692197846644,0.8480263153711954,,,1.504788283181191,326.36,0.6059087378283341,,0,0.835261345,2.1639556559820567,1638,34.29358220100403,0.9571884785379682,,28,2.1639556559820567,378.47,1.0601056378339373,,67,0.9884609580039978,2.0253262199700677,0,11.014738180275474,0.9637948338474546,,,1.1682824497765627,451.53,0.445094841,,55,0.949899435,2.02532622,0,8.843776533,0.909400754,,,2.02532622,400.48
27,implicature_information,social,Why do people follow rules?,The user is waiting at a pedestrian crossing.,7b,6,9,15,0,0.3801981508731842,0,4,0.47881246396402516,-0.024087991,,89,0.9411926865577698,1.3592367001650065,0,34.65909703893046,0.9221288638730203,0.7134908119837443,,1.6957425335696348,270.59,0.3315205390900373,,78,0.9431570172309875,1.973001405593613,0,7.173406682231209,0.9300034244855245,0.5604442786425352,,2.302585091994046,324.05,0.5099917986690997,,0,0.8086479902267456,2.302585091994046,1657,22.661976374428846,0.9768960518496377,0.5367727494902081,28,1.973001405593613,374.09,0.9782485655511939,,35,0.9790903925895691,2.1639556559820567,0,14.223667215555906,0.9396187599216189,0.6441442469755808,,2.1639556559820567,264.54,0.394510996,,84,0.955841839,2.02532622,0,6.141520362,0.918953283,0.556204149,,2.02532622,398.72
28,stochastic_information,social,Why do people follow rules?,The user is wearing a yellow jacket.,7c,6,8,14,0,0.3257571756839752,0,1,0.4762278649323818,-0.021503392,,73,0.94426322,2.0253262199700677,0,35.683175573425906,0.916587637,0.7271070082982382,,1.4978661361769956,262.67,0.3473026587466399,,99,0.9048222303390503,1.2206072641530175,0,9.101235281337392,0.8886586770866857,0.5932045979425311,,1.4184836614456566,320.45,0.4038291478986138,,94,0.9041017889976501,1.4184836614456566,1634,47.17589456048505,0.9459110455853599,0.605541863,,1.1682824497765627,364.53,0.8926636252037667,,35,0.9889787435531616,2.0253262199700677,0,10.191929506936244,0.9642078365598407,0.7013800353915604,,1.973001405593613,223.64,0.416827881,,94,0.938988388,1.609437912,0,8.110352716,0.885374134,0.569144427,,2.163955656,363.7
29,no_context,social,Why do fashions and trends spread?,,0,9,0,9,0,,,,0.48944786843160787,,,103,0.9540159702301025,2.1639556559820567,0,0,1,,,2.1639556559820567,264.52,0.30473282601435975,,83,0.9253435730934143,1.643417719,0,0,1,,,2.0253262199700677,321.13,0.5249753174781799,,0,0.7109930515289307,1.8343719695816236,1581,0,1,,28,1.973001405593613,374.72,1.0003392155862036,,104,0.9861115217208862,1.8343719695816234,0,0,1,,,2.1639556559820567,539.47,0.426375989,,81,0.918186724,2.302585092,0,0,1,,,2.163955656,376.38
30,direct_information,social,Why do fashions and trends spread?,The user is a marketing researcher.,8a,9,7,16,0,0.479107141,0,4.88,0.47449819811160976,0.01494967,,58,0.9431357383728027,1.8343719695816234,0,36.16443457,0.913873146,,,2.0253262199700677,278.08,0.30574962505698206,,104,0.9354948401451111,1.6957425335696348,0,10.004602276014559,0.8945399956269697,,,2.302585091994046,319.56,0.5172270969053109,,0,0.749129057,2.302585091994046,1595,22.651423446063337,0.9782402983733586,,28,2.1639556559820567,384.75,0.8551725489453659,,116,0.9834246039390564,1.8343719695816239,0,10.743782451110226,0.9671658554247448,,,2.1639556559820567,547.44,0.46979019,,96,0.951085746,2.302585092,0,5.606511664,0.940799847,,,2.163955656,376.99
31,implicature_information,social,Why do fashions and trends spread?,The user is looking at a magazine.,8b,9,8,17,0,0.3306499123573303,0,3.88,0.6041080034208127,-0.114660135,,87,0.9701440334320068,1.3321790398101223,0,36.692384194943216,0.9110139704519703,0.6772761960824331,,1.7480673478460895,264.65,0.35199872358640033,,85,0.9443290829658508,1.8343719695816239,0,7.138776775110852,0.9343741608388496,0.6943637384101748,,1.0888999749452237,317.6,0.5482387474576632,,0,0.6889110803604126,1.7480673478460895,1596,19.464289184274346,0.9802742664303098,0.6488189465469785,28,1.8343719695816236,382.82,1.0477901041590179,,96,0.9916704893112183,1.973001405593613,0,9.833828350795168,0.9700711390801838,0.7345909100991709,,2.1639556559820567,517.29,0.410863695,,107,0.953028858,2.02532622,0,5.381430536,0.92910151,0.683692465,,1.886696784,382.09
32,stochastic_information,social,Why do fashions and trends spread?,The user has a potted plant on their desk.,8c,9,11,20,0,0.21519815921783447,0,1.25,0.4939238111277421,-0.004475943,,76,0.9628180861473083,1.973001405593613,0,36.55106818675995,0.9125274900467165,0.6844372610251109,,2.1639556559820567,262.94,0.3518217528363069,,108,0.9129911661148071,2.1639556559820567,0,10.742082919586789,0.8552759289741516,0.6256231078878045,,1.643417719,327.97,0.378165422,,119,0.9370189905166626,2.0253262199700677,1681,49.93919499,0.9416411710636956,0.5828460962684067,,1.973001405593613,376.45,0.9675549625662592,,99,0.981577456,2.0253262199700677,0,9.547765131507601,0.9718057066202164,0.7170041269726224,,2.1639556559820567,500.31,0.455140834,,80,0.931025505,2.163955656,0,7.153954805,0.906218478,0.59554084,,1.497866136,399.2
33,no_context,social,Why do people resist change?,,0,6,0,6,0,,,,0.3633799631911697,,,86,0.9481518268585205,1.8343719695816234,0,0,1,,,1.4978661361769956,252.31,0.29017386759320896,,80,0.9403460025787354,1.2798542254336676,0,0,1,,,1.6094379118341005,325.87,0.49150432314475384,,0,0.7248257398605347,1.504788283181191,1454,0,1,,28,1.3592367001650065,367.67,0.7350301279743973,,83,0.988852859,1.5571130975576457,0,0,1,,,1.8343719695816234,548.74,0.419295799,,73,0.954483271,0.801818552,0,0,1,,,0.639031859,387.11
34,direct_information,social,Why do people resist change?,The user is a single parent.,9a,6,7,13,0,0.4084780514240265,0,2.88,0.40045265543785896,-0.037072692,,62,0.954404891,1.3592367001650065,0,37.08183483154543,0.921175613,,,2.0253262199700677,260.12,0.31013243888815245,,26,0.9398136734962463,1.6957425335696348,0,13.53029794404001,0.8143137765653206,,,1.4708084758221114,317.32,0.5604389539264863,,0,0.881853461,1.4184836614456566,1558,27.906211207652913,0.9723914670092719,,28,1.8343719695816239,343.11,0.7896218636843051,,69,0.9824572801589966,2.0253262199700677,0,10.480275596358947,0.9687610013144357,,,2.1639556559820567,480.98,0.41655434,,73,0.956149042,0.940447988,0,5.926394702,0.929341253,,,1.3592367,388.49
35,implicature_information,social,Why do people resist change?,The user is attending a meeting.,9b,6,7,13,0,0.3441447913646698,0,2.75,0.36142547007236214,0.001954493,,69,0.9405260682106018,2.1639556559820567,0,38.010565300141614,0.9187980890274048,0.744560178,,1.2275294109572128,260.68,0.3111014342109362,,48,0.9547386169433594,1.0296530137645736,0,10.43003669697227,0.8792652325196699,0.7332029528915882,,1.6957425335696343,325.65,0.5834825509587923,,0,0.7164413332939148,1.8343719695816239,1597,20.899044912436914,0.9807457987751279,0.6849423757305851,28,1.6957425335696348,382.47,0.7620076842751587,,61,0.9890297651290894,1.2275294109572128,0,9.978889605,0.9692270926066807,0.7982676492797004,,1.4978661361769956,512.93,0.396756937,,64,0.962759078,1.193549604,0,6.419026534,0.924867825,0.792519001,,0.940447988,390.59
36,stochastic_information,social,Why do people resist change?,The kitchen light is on.,9c,6,6,12,0,0.31871187686920166,0,1.5,0.40795228633705766,-0.044572323,,78,0.920410156,1.4978661361769956,0,43.31729723368922,0.901591468,0.7031310111284256,,1.7480673478460895,226.5,0.38497022589544455,,66,0.8787356019020081,0.6390318593501769,0,10.45163395729932,0.8727868090976368,0.5884007196873426,,1.2206072641530175,318.45,0.43534682619571685,,106,0.9549263119697571,0.9404479882553265,1635,57.41839228827378,0.9233316672699792,0.5875000931598522,,0.32508297319144824,359.56,0.7976290995984072,,88,0.9879789352416992,1.973001405593613,0,9.200880278434072,0.97386798,0.699611242,,2.302585091994046,457.67,0.373484163,,88,0.969689071,1.279854225,0,7.015293808,0.91765642,0.674578626,,0.897945725,397.12
37,no_context,natural,Why do we dream?,,0,5,0,5,0,,,,0.4313205697965172,,,86,0.8734124898910522,1.8343719695816236,0,0,1,,,2.1639556559820567,249,0.1422758445541064,,40,0.9362010359764099,2.1639556559820567,0,0,1,,,2.302585091994046,329.51,0.6418326998601358,,0,0.7486664652824402,1.8866967839580786,1429,0,1,,28,2.1639556559820567,346.37,0.8711810525582567,,77,0.9876077175140381,1.8866967839580786,0,0,1,,,2.0253262199700677,575.01,0.487258307,,98,0.919140518,1.886696784,0,0,1,,,1.886696784,408.99
38,direct_information,natural,Why do we dream?,The user is a sleep researcher.,10a,5,7,12,0,0.523483157,0,4.88,0.48021970576962564,-0.048899136,,104,0.9191914796829224,1.8866967839580786,0,37.16201123114555,0.9119726688631119,,,1.3592367001650065,268.97,0.1554838992555936,,52,0.9515231847763062,1.8343719695816234,0,11.343284261497585,0.8569736896139203,,,2.302585091994046,326.32,0.5816027464071908,,0,0.7028830051422119,1.6094379118341005,1620,27.092511020857714,0.9718488497393472,,28,1.6094379118341005,374.74,0.7964376514658414,,89,0.9870850443840027,1.643417719,0,10.283836041710206,0.9666218480893544,,,2.1639556559820567,528.17,0.468497666,,98,0.948611557,1.83437197,0,8.305437468,0.901827016,,,1.609437912,405.63
39,implicature_information,natural,Why do we dream?,The user keeps a notebook by their bed.,10b,5,9,14,0,0.35916709899902344,0,3.25,0.46257376349598245,-0.031253194,,96,0.9539465308189392,2.0253262199700677,0,35.569836331952004,0.9151748514944508,0.7107004890839259,,1.4978661361769956,236.83,0.14867235246300697,,33,0.941928506,2.302585091994046,0,7.959480897946791,0.9208361018787731,0.6523861205205321,,1.8866967839580786,329.41,0.5567405873139699,,0,0.7073298096656799,1.7480673478460895,1657,37.97201686,0.9507552981376648,0.5995276757964382,28,1.4978661361769956,370.99,0.8349900776685496,,87,0.982954741,2.302585091994046,0,11.735773175954819,0.9572539223091943,0.7063111828433143,,2.0253262199700677,526.71,0.481357035,,104,0.922208667,1.227529411,0,10.48171846,0.845816405,0.727404442,,1.748067348,393.93
40,stochastic_information,natural,Why do we dream?,The user is wearing socks.,10c,5,6,11,0,0.2174999862909317,0,1,0.5017609025289615,-0.070440333,,113,0.9380457401275635,2.0253262199700677,0,38.15098305671446,0.907896921,0.6526295423507691,,1.973001405593613,275.82,0.15511835933725038,,63,0.8926404118537903,1.5571130975576457,0,9.575426409641901,0.8820830204270103,0.6636860109865665,,1.504788283181191,317.88,0.5091898531516393,,0,0.7025512456893921,1.8343719695816239,1569,34.435358791515746,0.9552854150533676,0.5554441721351059,28,2.302585091994046,383.95,0.8360769541196145,,96,0.9873263835906982,1.643417719,0,9.829654655286244,0.9692005302224841,0.6785197600170418,,2.0253262199700677,534.82,0.443107244,,96,0.905537307,1.497866136,0,10.90355688,0.849371858,0.683004674,,1.504788283,395.63
41,no_context,natural,Why do we feel pain?,,0,6,0,6,0,,,,0.4794011419989338,,,59,0.8927743434906006,2.0253262199700677,0,0,1,,,2.1639556559820567,253.86,0.3258468359708786,,97,0.8893968462944031,1.973001405593613,0,0,1,,,1.7480673478460895,325.74,0.5279431515236696,,0,0.7140675783157349,1.7480673478460895,1577,0,1,,28,1.4978661361769956,375.98,0.818719201,,82,0.9804412722587585,1.7480673478460895,0,0,1,,,1.8343719695816239,553.67,0.47702321,,67,0.942312181,2.163955656,0,0,1,,,2.302585092,410.64
42,direct_information,natural,Why do we feel pain?,The user is a neurologist.,11a,6,8,14,0,0.3979824185371399,0,4.63,0.46105728974827187,0.018343852,,72,0.9080013632774353,2.302585091994046,0,38.064007093829495,0.9072708795147557,,,2.302585091994046,275.16,0.28244900403420126,,60,0.9525086283683777,1.6094379118341005,0,12.14536914274548,0.8532002640492988,,,1.8343719695816239,328.42,0.46199394411842026,,0,0.539458156,1.6957425335696348,1580,35.01743788965817,0.9563816402639661,,28,1.6957425335696348,373.6,0.7106378985597287,,88,0.9795171022415161,1.8866967839580788,0,11.678525720323835,0.9616710394620895,,,1.8343719695816234,535.19,0.445926298,,75,0.949226022,2.02532622,0,7.754493198,0.914215319,,,1.609437912,406.35
43,implicature_information,natural,Why do we feel pain?,The user holding an ice pack.,11b,6,7,13,0,0.29493778944015503,0,3.88,0.44637041922647624,0.033030723,,72,0.8978641033172607,2.302585091994046,0,38.00305557,0.9109263573923418,0.7403454224268595,,2.1639556559820567,227.59,0.35340653627117474,,57,0.8871036171913147,2.1639556559820567,0,10.18975715564959,0.882577759,0.6071736989542842,,1.8866967839580786,334.29,0.5981909735898177,,0,0.6751658320426941,1.0888999749452237,1605,41.691553428255276,0.9420881228787559,0.5592181726738259,28,1.6957425335696348,368.5,0.6926431667294669,,82,0.9720393419265747,2.0253262199700677,0,12.946741112640925,0.9556383639574051,0.712277459,,1.973001405593613,505.08,0.493209877,,57,0.943224788,2.02532622,0,5.874787386,0.923767982,0.581645373,,1.973001406,405.33
44,stochastic_information,natural,Why do we feel pain?,The user is eating lunch.,11c,6,6,12,0,0.2000161111354828,0,1.5,0.41383828265946027,0.065562859,,80,0.8888378739356995,2.0253262199700677,0,37.63917568037587,0.9105516210679085,0.7214902619520823,,1.8343719695816239,275.16,0.37926616887251535,,92,0.8537833094596863,2.302585091994046,0,11.453641064239271,0.8581540422006086,0.6114723738282919,,1.8343719695816234,325.57,0.5780076472619236,,0,0.7593903541564941,1.973001405593613,1642,33.2834028,0.9591217360326222,0.5583658483293321,28,1.1682824497765627,379.79,0.7184336512613948,,61,0.9824672937393188,2.0253262199700677,0,12.737926858344249,0.9558309742382595,0.7049285272757212,,1.6957425335696348,521.04,0.522139118,,84,0.927869081,2.163955656,0,8.506990805,0.892460749,0.592251389,,2.163955656,403.18
45,no_context,natural,Why do animals migrate?,,0,5,0,5,0,,,,0.5168868213097254,,,76,0.9693832993507385,1.973001405593613,0,0,1,,,1.8343719695816234,259.44,0.30629490684469546,,98,0.9480867981910706,1.3592367001650065,0,0,1,,,0.9502705389332347,318.13,0.504853312,,0,0.5069873929023743,1.7480673478460895,1348,0,1,,28,1.6094379118341005,353.88,0.8928465982243845,,51,0.9860168695449829,1.4978661361769956,0,0,1,,,1.8343719695816239,416.54,0.438489942,,85,0.952473044,1.497866136,0,0,1,,,1.643417719,399.51
46,direct_information,natural,Why do animals migrate?,The user is an ornithologist.,12a,5,8,13,0,0.45081913471221924,0,4.38,0.5043227773557105,0.012564044,,67,0.95452404,1.8866967839580786,0,38.01440663,0.9136482496415416,,,1.6957425335696348,275,0.29074156039953236,,86,0.9478253126144409,2.302585091994046,0,13.74180235871763,0.8008426482027228,,,1.8866967839580786,327.05,0.533278339,,0,0.8041272759437561,1.973001405593613,1499,32.151654769634376,0.9630014385495868,,28,1.8343719695816234,353.07,0.8920716395170631,,64,0.981681228,2.302585091994046,0,11.300519342401198,0.9631962393011365,,,1.8866967839580786,482.58,0.464474228,,66,0.956684113,1.83437197,0,7.336749481,0.909905302,,,1.3592367,393.09
47,implicature_information,natural,Why do animals migrate?,The user notices the forest is oddly quiet.,12b,5,9,14,0,0.3416784703731537,0,4.25,0.5186926332299526,-0.001805812,,52,0.9635229110717773,1.7480673478460895,0,41.88546676789561,0.9004802300084022,0.7130961914857229,,1.8866967839580786,236.82,0.3535834959844749,,86,0.9434468746185303,1.973001405593613,0,8.983389370369188,0.894962444,0.6100468076765537,,1.8343719695816239,323.77,0.5179171095391115,,0,0.7146791219711304,1.8343719695816239,1568,41.39942187687446,0.9373474227530616,0.6518465225343351,28,1.4708084758221114,368.9,1.0158995775299586,,60,0.986383319,1.6094379118341005,0,11.389214323035308,0.9587568896157401,0.6671532535994494,,1.8343719695816236,407.18,0.555785426,,82,0.946776092,1.748067348,0,7.774267286,0.892542006,0.710917357,,2.02532622,378.35
48,stochastic_information,natural,Why do animals migrate?,It is early morning.,12c,5,5,10,0,0.3083059787750244,0,2.38,0.47271978336904263,0.044167038,,76,0.9355603456497192,1.8343719695816239,0,37.78038114309311,0.9191168623585855,0.7159807662169139,,2.1639556559820567,233.39,0.3334223010341326,,78,0.9432792663574219,1.4978661361769956,0,8.096100608507792,0.9237082293539336,0.6217564372345805,,2.302585091994046,321.64,0.5638807631134987,,0,0.4570308327674866,1.4184836614456566,1526,25.65246145067544,0.9756655927215304,0.5514404332196271,28,0.8979457245567798,384.07,0.906158366,,56,0.9811063408851624,2.302585091994046,0,9.424415917801005,0.9747913415942874,0.6154339997856705,,2.0253262199700677,480.87,0.45667852,,81,0.935289264,2.163955656,0,6.858778385,0.933790364,0.614115596,,1.83437197,401.05
49,no_context,economic,Why do housing prices keep going up?,,0,8,0,8,0,,,,0.39708678998053076,,,79,0.9257948994636536,1.973001405593613,0,0,1,,,2.302585091994046,278.77,0.3024958470861117,,73,0.934394896,1.643417719,0,0,1,,,1.8343719695816234,318.26,0.5401580487191676,,0,0.72895509,1.8343719695816239,1519,0,1,,28,1.7480673478460895,382.87,0.6406216777431851,,62,0.97955215,2.1639556559820567,0,0,1,,,2.1639556559820567,450.51,0.374589064,,76,0.947671056,1.470808476,0,0,1,,,1.220607264,395.82
50,direct_information,economic,Why do housing prices keep going up?,The user is a tennant.,13a,8,8,16,0,0.3213491439819336,0,4.25,0.35290748661756516,0.044179303,,86,0.9163210391998291,2.1639556559820567,0,40.447313276029405,0.9154069750539718,,,2.302585091994046,262.46,0.27764708493153256,,55,0.9477211236953735,2.1639556559820567,0,11.200667409282742,0.8622255740743695,,,2.0253262199700677,321.85,0.5356790494096761,,0,0.7501949667930603,1.8866967839580786,1368,21.48435625947755,0.9779880408729825,,28,2.1639556559820567,323.66,0.7579268662366052,,80,0.9761928915977478,2.0253262199700677,0,10.359311962234122,0.9666142740419933,,,1.6957425335696348,514.74,0.360463341,,86,0.952473223,1.418483661,0,5.291583427,0.936001989,,,2.02532622,398.28
51,implicature_information,economic,Why do housing prices keep going up?,The user is sees a notice on their door.,13b,8,10,18,0,0.30284297466278076,0,3.75,0.3804329865723849,0.016653803,,77,0.9376130700111389,1.6957425335696348,0,39.074259200403766,0.9099672802032963,0.7163729310035706,,1.0888999749452237,267.23,0.29114817119638126,,88,0.9384745955467224,1.6957425335696348,0,12.245759922446627,0.818063169,0.7592286113649607,,1.8343719695816239,318.96,0.4599198571244876,,0,0.6912895441055298,2.1639556559820567,1531,38.81295273632839,0.9439432152679988,0.6902489927079942,28,1.643417719,374.12,0.7714442420276241,,85,0.9591500759124756,1.973001405593613,0,13.28017243636506,0.9406805549349103,0.7576512826813592,,2.302585091994046,487.1,0.345173819,,69,0.951427519,2.163955656,0,7.351123885,0.891061853,0.764482427,,1.83437197,406.39
52,stochastic_information,economic,Why do housing prices keep going up?,The user is drinking tea.,13c,8,6,14,0,0.18294043838977814,0,1.25,0.38492786834578013,0.012158922,,69,0.9221608638763428,2.0253262199700677,0,41.220015512358756,0.9030195647670377,0.7609272758165996,,1.8343719695816239,269.85,0.29331876,,53,0.9210313558578491,2.0253262199700677,0,14.382312791817116,0.7742046334526755,0.7361713126301765,,2.0253262199700677,327.27,0.4886065143744151,,0,0.6903570294380188,2.1639556559820567,1528,39.46606140301145,0.945065113,0.6288393349559219,28,1.8866967839580786,385.06,0.6419776212402487,,43,0.9814252257347107,2.0253262199700677,0,8.476371741188425,0.9745937287807465,0.64912634,,1.8343719695816239,404.82,0.379121517,,68,0.948013306,2.163955656,0,8.486711801,0.89478753,0.733286811,,1.609437912,404.32
53,no_context,economic,How does taxation work?,,0,5,0,5,0,,,,0.42463703106335987,,,51,0.9338334798812866,2.0253262199700677,0,0,1,,,1.8343719695816234,270.1,0.20983489259084065,,78,0.887577474,1.0888999750452237,0,0,1,,,1.1682824497765627,322.58,0.526123262,,0,0.8189865350723267,2.0253262199700677,1453,0,1,,28,1.8866967839580784,346.51,0.638863743,,58,0.984821081,2.1639556559820567,0,0,1,,,1.8343719695816236,541.88,0.360321789,,60,0.930678725,2.02532622,0,0,1,,,2.02532622,406.23
54,direct_information,economic,How does taxation work?,The user is a small business owner.,14a,5,8,13,0,0.46522754430770874,0,4.5,0.3473076295057933,0.077329402,,59,0.916895866,2.1639556559820567,0,35.82922055644374,0.9223193237858434,,,2.1639556559820567,288.75,0.2749093655645848,,92,0.9247934818267822,2.0253262199700677,0,10.359472797224015,0.8915945706945477,,,2.302585091994046,328.26,0.5054788403511047,,0,0.5803664922714233,1.3592367001650065,1560,33.08606115702925,0.9617545264107841,,28,1.2275294109572128,367.13,0.5014420633342405,,56,0.9730371832847595,2.302585091994046,0,16.350413497537374,0.9356707377093179,,,2.0253262199700677,541.69,0.325887214,,57,0.933856308,1.973001406,0,11.5567445,0.879388137,,,2.02532622,405.58
55,implicature_information,economic,How does taxation work?,The user is going over a handwritten list of numbers.,14b,5,11,16,0,0.432982862,0,3.38,0.4745542879254505,-0.049917257,,33,0.9446578025817871,1.973001405593613,0,42.520043019325506,0.8979531814975124,0.7523280521233876,,2.0253262199700677,256.59,0.24391546458005905,,35,0.873151422,1.8343719695816239,0,9.525980473919349,0.8811298139167555,0.6243759207427502,,0.9502705389332347,316.6,0.2865145561595758,,88,0.88717252,0.9404479882553265,1692,60.94128136,0.9096672322068896,0.5730301837126414,,1.2206072641530175,365.46,0.7166499916921336,,66,0.969829798,2.0253262199700677,0,14.375754653343133,0.9423874531473432,0.7029943267504374,,2.1639556559820567,475.62,0.381870165,,76,0.923304677,1.695742534,0,10.2615294,0.861510835,0.622282894,,1.83437197,401.87
56,stochastic_information,economic,How does taxation work?,The door to the room is open.,14c,5,8,13,0,0.30035561323165894,0,1,0.42911181175336244,-0.004474781,,37,0.8276962041854858,2.0253262199700677,0,50.734038364502695,0.8818940347240817,0.681757637,,2.1639556559820567,255.09,0.26989464356501897,,95,0.8517646193504333,1.3592367001650065,0,6.0849611623720685,0.9405350052949154,0.5087894201278687,,0.8018185522433374,324.48,0.3001390619277955,,88,0.8687728047370911,1.3592367001650065,1648,59.808535012705576,0.9127586100782666,0.4985986909380666,,1.2206072641530175,369.39,0.6975007746618582,,36,0.9803715348243713,2.1639556559820567,0,13.85819108943854,0.9455849868910653,0.5785262474307308,,2.0253262199700677,516.55,0.375809947,,52,0.933276057,1.83437197,0,11.71931739,0.843333174,0.513347232,,1.886696784,407.33
57,no_context,economic,Why do trade wars happen?,,0,6,0,6,0,,,,0.4015351937227091,,,77,0.9292401671409607,2.1639556559820567,0,0,1,,,2.1639556559820567,205.2,0.3677103835940361,,110,0.9466269612312317,1.8866967839580786,0,0,1,,,2.0253262199700677,317.85,0.5474450139800707,,0,0.783473015,2.0253262199700677,1576,0,1,,28,1.8866967839580786,381.72,0.8615117667884862,,74,0.983039916,2.1639556559820567,0,0,1,,,2.302585091994046,438.77,0.440146549,,74,0.948396146,2.02532622,0,0,1,,,1.609437912,399.82
58,direct_information,economic,Why do trade wars happen?,The user is a factory worker.,15a,6,7,13,0,0.30997562408447266,0,3.38,0.4574156324116337,-0.055880439,,90,0.956546962,2.1639556559820567,0,36.37638709814318,0.9173077498712847,,,2.302585091994046,247.03,0.3421537980635961,,86,0.9321204423904419,2.302585091994046,0,13.249304964235336,0.8086071917504976,,,2.1639556559820567,327.04,0.4978200962940852,,0,0.6708986163139343,1.8343719695816239,1624,23.874730882973505,0.9757879674434662,,28,1.643417719,372.98,0.9139953047673698,,67,0.9853388667106628,1.973001405593613,0,9.743461954274348,0.9706470519304276,,,2.1639556559820567,448.05,0.369748794,,80,0.945546985,2.02532622,0,6.457929777,0.92080322,,,2.163955656,400.46
59,implicature_information,economic,Why do trade wars happen?,The user's workplace has posted a notice about restructuring.,15b,6,11,17,0,0.3562695384025574,0,3.63,0.4727319789438528,-0.071196785,,77,0.9231191277503967,1.8343719695816239,0,44.42792689,0.887633656,0.761642208,,2.302585091994046,227.38,0.3400666229724884,,99,0.9517693519592285,2.0253262199700677,0,9.948432633822614,0.8818174221298911,0.6406523454934359,,1.8866967839580786,336.43,0.45984883060483706,,0,0.625499964,1.8343719695816239,1465,42.57548568988668,0.9346300810575485,0.6471671925650703,28,1.973001405593613,345.57,0.8194957816125334,,41,0.9782853722572327,2.0253262199700677,0,16.290199828999384,0.922301031,0.727792638,,2.1639556559820567,381.87,0.495081117,,85,0.942665517,2.302585092,0,8.561228181,0.88000811,0.760749264,,2.163955656,400.84
60,stochastic_information,economic,Why do trade wars happen?,The ceiling fan is rotating slowly.,15c,6,7,13,0,0.2133278250694275,0,1,0.44342426614494845,-0.041889072,,44,0.9582908749580383,2.1639556559820567,0,52.49210816237234,0.8597542643547058,0.6756422211726506,,2.1639556559820567,197.69,0.36598070876797045,,69,0.8675517439842224,2.302585091994046,0,11.050611386696497,0.8385258443427809,0.5651967376470566,,2.302585091994046,330.47,0.3859429783423741,,83,0.8572881817817688,2.0253262199700677,1602,55.29054681186018,0.927298224,0.6249107012042293,,2.1639556559820567,379.26,0.912430365,,84,0.9849803447723389,2.302585091994046,0,10.671646541250604,0.9649956864970071,0.6874985363748338,,2.1639556559820567,413.35,0.421581412,,62,0.933662593,2.163955656,0,10.13231509,0.86253843,0.695900897,,2.302585092,405.33
