model,pooling,layer,standardised,skipped,point,ci_lo,ci_hi,rho_mb,rho_ma,rho_ba,n_boot_valid
deepseek,last_token_hs,0,True,False,,,,,,0.42048917922079576,0
deepseek,last_token_hs,1,True,False,-0.028382385761298107,-0.07401420455425978,0.09898423906415699,0.02969057938010243,0.13132048203825694,0.42048917922079576,1000
deepseek,last_token_hs,2,True,False,0.01948819240295599,-0.020813212683424353,0.0931307919323444,0.10007506632336846,0.19676880568919897,0.42048917922079576,1000
deepseek,last_token_hs,3,True,False,0.05578757630937605,-0.0022801490558777004,0.16566576324403284,0.11152040217634929,0.14613418613524726,0.42048917922079576,1000
deepseek,last_token_hs,4,True,False,0.07111581196338326,0.005648538854438814,0.17907079569995402,0.12443163954637748,0.14407413450224432,0.42048917922079576,1000
deepseek,last_token_hs,5,True,False,0.0556240598886964,-0.009347055805847047,0.14969612061977386,0.11243896830275012,0.1487138884269174,0.42048917922079576,1000
deepseek,last_token_hs,6,True,False,0.11350171683738375,0.043400305043905976,0.18443502783775328,0.1799816598302171,0.1874663125404122,0.42048917922079576,1000
deepseek,last_token_hs,7,True,False,0.09207646058879466,0.02694406481459737,0.17289387732744216,0.15638978259000086,0.17636247445256534,0.42048917922079576,1000
deepseek,last_token_hs,8,True,False,0.10019833068314342,0.031882939487695695,0.17737563401460646,0.1630004219542187,0.17477245573244038,0.42048917922079576,1000
deepseek,last_token_hs,9,True,False,0.10939413676897151,0.036898025684058665,0.1870519001036882,0.1797567005672308,0.19603222519234068,0.42048917922079576,1000
deepseek,last_token_hs,10,True,False,0.1325523319718385,0.03857257207855583,0.22027261294424533,0.22536316627383107,0.2597620147649277,0.42048917922079576,1000
deepseek,last_token_hs,11,True,False,0.1677698838076543,0.06281457729637623,0.2461018994450569,0.27253952069709514,0.30318743619808103,0.42048917922079576,1000
deepseek,last_token_hs,12,True,False,0.2019365832783731,0.059448053035885094,0.29462613388895986,0.30995000235056736,0.32505745940878517,0.42048917922079576,1000
deepseek,last_token_hs,13,True,False,0.2407617209001758,0.10386918690055609,0.3301507353782654,0.3426379729387627,0.3232491819703928,0.42048917922079576,1000
deepseek,last_token_hs,14,True,False,0.2635575157714865,0.11687818747013808,0.3485503688454628,0.379443598916132,0.3752633956241959,0.42048917922079576,1000
deepseek,last_token_hs,15,True,False,0.2887467289379834,0.13831403627991676,0.3696589335799217,0.3997736720278061,0.3725517586086774,0.42048917922079576,1000
deepseek,last_token_hs,16,True,False,0.28179069467558476,0.13546287342906,0.3625068061053753,0.39359513165390436,0.3715402219571697,0.42048917922079576,1000
deepseek,last_token_hs,17,True,False,0.24088824167923703,0.11095924004912376,0.3271332383155823,0.32894481681906107,0.28390958155216667,0.42048917922079576,1000
deepseek,last_token_hs,18,True,False,0.24256370283317716,0.124091512337327,0.3274886704981327,0.3169868194218987,0.2466365132501921,0.42048917922079576,1000
deepseek,last_token_hs,19,True,False,0.19492109263352506,0.08516597375273705,0.28938548415899273,0.2674085029642308,0.22626919537843843,0.42048917922079576,1000
deepseek,last_token_hs,20,True,False,0.1704438154351044,0.06692052278667689,0.26870884075760837,0.23204048658796927,0.1908226834351644,0.42048917922079576,1000
deepseek,last_token_hs,21,True,False,0.15417994014941047,0.05765433358028531,0.2533415056765079,0.21216820848452145,0.17715996964685107,0.42048917922079576,1000
deepseek,last_token_hs,22,True,False,0.1408273805066784,0.0531389145180583,0.23927858993411064,0.20039914766402858,0.17754756190832546,0.42048917922079576,1000
deepseek,last_token_hs,23,True,False,0.12247564119780532,0.03983812937512994,0.22161317989230153,0.17710474529717873,0.16033844076419368,0.42048917922079576,1000
deepseek,last_token_hs,24,True,False,0.11197384230969311,0.03245800547301769,0.21292444020509718,0.166157257880534,0.15652212870146975,0.42048917922079576,1000
deepseek,last_token_hs,25,True,False,0.11278921273216998,0.0333986671641469,0.21119061037898063,0.16813918004788378,0.15961847638953727,0.42048917922079576,1000
deepseek,last_token_hs,26,True,False,0.10826739788091115,0.033382938522845504,0.21037968955934047,0.15967431281384378,0.14872198903097825,0.42048917922079576,1000
deepseek,last_token_hs,27,True,False,0.11328107982165415,0.03700551269575954,0.21335739120841024,0.16748375525201667,0.1569057757832565,0.42048917922079576,1000
deepseek,last_token_hs,28,True,False,0.109910389767512,0.03409585999324918,0.21144031956791876,0.16335605781201962,0.15417012140424777,0.42048917922079576,1000
deepseek,last_token_hs,29,True,False,0.11361313406500945,0.030371214868500827,0.22127376943826674,0.1664596826249161,0.15363678010635104,0.42048917922079576,1000
deepseek,last_token_hs,30,True,False,0.1052184293875529,0.014387295953929426,0.22745985388755796,0.16005708015214956,0.15640728563382295,0.42048917922079576,1000
deepseek,mean_pool_hs,0,True,False,0.06396550173630301,-0.009558424586430192,0.14110675379633902,0.1495136878305495,0.22096278029056252,0.42048917922079576,1000
deepseek,mean_pool_hs,1,True,False,0.08115364951225947,0.005638441513292493,0.1592138055711984,0.16634930410925958,0.22499184211969633,0.42048917922079576,1000
deepseek,mean_pool_hs,2,True,False,0.07281606925878571,0.021804507076740264,0.1551593631505966,0.1131932048987683,0.11308532932062801,0.42048917922079576,1000
deepseek,mean_pool_hs,3,True,False,0.07395565631646446,0.006660508352797479,0.15604417100548743,0.13225380315306068,0.15692520486566802,0.42048917922079576,1000
deepseek,mean_pool_hs,4,True,False,0.07904545967664726,0.011469055525958541,0.15221429243683812,0.14859410079325167,0.18579567116704693,0.42048917922079576,1000
deepseek,mean_pool_hs,5,True,False,0.08319214802422466,0.014149980992078781,0.15339278429746625,0.16023429790918936,0.20538805186254067,0.42048917922079576,1000
deepseek,mean_pool_hs,6,True,False,0.09560119972516616,0.014066698844544591,0.16951893009245395,0.18066902985615185,0.2288581113342694,0.42048917922079576,1000
deepseek,mean_pool_hs,7,True,False,0.10747253702201269,0.016831171792000534,0.1864869814366102,0.1936431553374346,0.23512433051367382,0.42048917922079576,1000
deepseek,mean_pool_hs,8,True,False,0.14657775092658412,0.048900822177529335,0.22251495048403738,0.24543037029787745,0.28006117625656063,0.42048917922079576,1000
deepseek,mean_pool_hs,9,True,False,0.19245471302238654,0.08891022987663746,0.260468303412199,0.29516217606840356,0.30669930158879743,0.42048917922079576,1000
deepseek,mean_pool_hs,10,True,False,0.23591511604621201,0.12885767854750158,0.292689736187458,0.3473242571355433,0.34896157521749427,0.42048917922079576,1000
deepseek,mean_pool_hs,11,True,False,0.26457571936682817,0.15062635727226734,0.3270395524799824,0.37633707224135254,0.36307505361162185,0.42048917922079576,1000
deepseek,mean_pool_hs,12,True,False,0.2963809773121258,0.17086206004023552,0.3536636926233768,0.4112093757751291,0.38871650284653225,0.42048917922079576,1000
deepseek,mean_pool_hs,13,True,False,0.28730870672232695,0.16720631532371044,0.3434551015496254,0.40216092675795456,0.38401186249985203,0.42048917922079576,1000
deepseek,mean_pool_hs,14,True,False,0.28361667215497904,0.1670869667083025,0.33703813850879666,0.40259478295248124,0.3953299028202686,0.42048917922079576,1000
deepseek,mean_pool_hs,15,True,False,0.2703467550609888,0.15751829482614993,0.3215929165482521,0.38908865770910794,0.38758928713045593,0.42048917922079576,1000
deepseek,mean_pool_hs,16,True,False,0.24773178127649526,0.13382826820015908,0.30888378024101254,0.36621083648693986,0.37549569126705723,0.42048917922079576,1000
deepseek,mean_pool_hs,17,True,False,0.2362452386835556,0.12847157903015613,0.2975929647684097,0.3501893043528216,0.35656978622474966,0.42048917922079576,1000
deepseek,mean_pool_hs,18,True,False,0.21895417876162174,0.1127377076074481,0.2893628410995006,0.33386522372754585,0.3517410841644414,0.42048917922079576,1000
deepseek,mean_pool_hs,19,True,False,0.20505619129541217,0.10178974214941264,0.27402788773179054,0.3190993810600305,0.34331509553441214,0.42048917922079576,1000
deepseek,mean_pool_hs,20,True,False,0.18382627929222714,0.08756864126771689,0.2563375420868396,0.29346278016395266,0.32244859494249606,0.42048917922079576,1000
deepseek,mean_pool_hs,21,True,False,0.17866159708407778,0.07545206137001514,0.25581649243831633,0.2885637514031081,0.32118033197196916,0.42048917922079576,1000
deepseek,mean_pool_hs,22,True,False,0.16932212824535947,0.07007277254015207,0.24630991742014885,0.27928234017944864,0.31777186268783547,0.42048917922079576,1000
deepseek,mean_pool_hs,23,True,False,0.16226234914209442,0.06298340503126383,0.2488506842404604,0.2759499897206381,0.3251697011632727,0.42048917922079576,1000
deepseek,mean_pool_hs,24,True,False,0.1578952926038693,0.057156829815357926,0.24419085532426832,0.2719612458283465,0.3245183178310342,0.42048917922079576,1000
deepseek,mean_pool_hs,25,True,False,0.1615150793191433,0.0588214018382132,0.2459136813879013,0.2773048605213354,0.33056974114581567,0.42048917922079576,1000
deepseek,mean_pool_hs,26,True,False,0.16300755671473666,0.06248756572604179,0.2486451718956232,0.2785557609877307,0.3304962544445495,0.42048917922079576,1000
deepseek,mean_pool_hs,27,True,False,0.1610807707589649,0.062229887489229446,0.2484278380870819,0.28037054457289645,0.3398986812309344,0.42048917922079576,1000
deepseek,mean_pool_hs,28,True,False,0.1575797882635746,0.05609496608376503,0.24761353731155394,0.2770134244906082,0.33889623457024304,0.42048917922079576,1000
deepseek,mean_pool_hs,29,True,False,0.16213906735827072,0.05959406476467848,0.2509026274085045,0.28388802810141606,0.3470285855785688,0.42048917922079576,1000
deepseek,mean_pool_hs,30,True,False,0.18982330243519044,0.07213443610817194,0.28216196671128274,0.30822539922796893,0.3492177027138291,0.42048917922079576,1000
deepseek_v2_lite,last_token_hs,0,True,False,,,,,,0.42048917922079576,0
deepseek_v2_lite,last_token_hs,1,True,False,0.022375244438792803,-0.03765247594565153,0.12272490300238131,0.09105837787807397,0.16896813175984976,0.42048917922079576,1000
deepseek_v2_lite,last_token_hs,2,True,False,0.05597263382237904,-0.02074139881879091,0.1561805300414562,0.1354816821031289,0.20396583313615166,0.42048917922079576,1000
deepseek_v2_lite,last_token_hs,3,True,False,0.0780289636349658,-0.01202332256361842,0.17996797151863572,0.1584131846764623,0.21220535946476898,0.42048917922079576,1000
deepseek_v2_lite,last_token_hs,4,True,False,0.05561608465443556,-0.03434320846572518,0.14845961220562456,0.14179394324251998,0.22015221282376948,0.42048917922079576,1000
deepseek_v2_lite,last_token_hs,5,True,False,0.07320993773362945,-0.029991942085325716,0.17773053944110867,0.1555011755579226,0.2155572904864558,0.42048917922079576,1000
deepseek_v2_lite,last_token_hs,6,True,False,0.10842075040073458,0.025612413324415686,0.19297635108232497,0.20269224347278078,0.25588625292553163,0.42048917922079576,1000
deepseek_v2_lite,last_token_hs,7,True,False,0.061685923244306176,-0.008073963783681389,0.150337553396821,0.1413134875429677,0.20581801524817522,0.42048917922079576,1000
deepseek_v2_lite,last_token_hs,8,True,False,0.05766747172547618,-0.018110009795054793,0.15839169137179848,0.13629087464209894,0.2022662645675219,0.42048917922079576,1000
deepseek_v2_lite,last_token_hs,9,True,False,0.09210929471158003,0.0032379216543631656,0.1871416311711073,0.18121100360833903,0.23791357255282838,0.42048917922079576,1000
deepseek_v2_lite,last_token_hs,10,True,False,0.13461433369171869,0.029878141870722175,0.23067544847726817,0.220120869253195,0.24163479218101253,0.42048917922079576,1000
deepseek_v2_lite,last_token_hs,11,True,False,0.1641223211744226,0.05679096654057503,0.2573020994663238,0.25054130392909546,0.25324712559185814,0.42048917922079576,1000
deepseek_v2_lite,last_token_hs,12,True,False,0.17916866909686643,0.07379182614386082,0.27576604038476943,0.2610566304820366,0.24613836938612296,0.42048917922079576,1000
deepseek_v2_lite,last_token_hs,13,True,False,0.15650863735328557,0.06079295538365841,0.25788758173584936,0.23312644497744373,0.22540635118895072,0.42048917922079576,1000
deepseek_v2_lite,last_token_hs,14,True,False,0.1318380649495872,0.041606106981635096,0.251104074716568,0.1962959892095919,0.18739779750759256,0.42048917922079576,1000
deepseek_v2_lite,last_token_hs,15,True,False,0.10890852321089202,0.02845133529044688,0.23332277461886405,0.17027197428379232,0.17350810603022881,0.42048917922079576,1000
deepseek_v2_lite,last_token_hs,16,True,False,0.10583362351609595,0.03009880082681775,0.22814405150711528,0.16244482986939957,0.1609411009716489,0.42048917922079576,1000
deepseek_v2_lite,last_token_hs,17,True,False,0.08534413116885932,0.011670190701261164,0.20776948146522042,0.13621293273561785,0.14164728009696734,0.42048917922079576,1000
deepseek_v2_lite,last_token_hs,18,True,False,0.07264911416259506,0.002353511686669664,0.18790650255978106,0.12968590288019408,0.1535185854910699,0.42048917922079576,1000
deepseek_v2_lite,last_token_hs,19,True,False,0.07531409473863661,0.006364117888733745,0.18539244979619976,0.1228856030206707,0.13114118001746702,0.42048917922079576,1000
deepseek_v2_lite,last_token_hs,20,True,False,0.06225922152048105,-0.0009578458761097863,0.16784158051013945,0.10442906846311872,0.11490322854521778,0.42048917922079576,1000
deepseek_v2_lite,last_token_hs,21,True,False,0.0634065396690336,0.0006776778289349762,0.16316347904503342,0.10661432514445499,0.11768554487708371,0.42048917922079576,1000
deepseek_v2_lite,last_token_hs,22,True,False,0.06185963159160558,-0.001780698596849106,0.16196802780032155,0.10187353049311386,0.10960225508449718,0.42048917922079576,1000
deepseek_v2_lite,last_token_hs,23,True,False,0.05684161170706171,-0.004360985942184924,0.15474287569522854,0.08961881307791503,0.09099043086772897,0.42048917922079576,1000
deepseek_v2_lite,last_token_hs,24,True,False,0.046968238289022565,-0.007739006646443157,0.14776379503309725,0.07894350693782658,0.0867801205325984,0.42048917922079576,1000
deepseek_v2_lite,last_token_hs,25,True,False,0.0436325697788921,-0.008266446599736809,0.14301825650036332,0.0727214012675676,0.07909286962260183,0.42048917922079576,1000
deepseek_v2_lite,last_token_hs,26,True,False,0.042926463954305855,-0.0058009172789752475,0.13725176230072975,0.06845724825834508,0.07041045668021106,0.42048917922079576,1000
deepseek_v2_lite,last_token_hs,27,True,False,0.024506948270789124,-0.016393192671239377,0.11769966650754206,0.0541159931518795,0.07597141624561303,0.42048917922079576,1000
deepseek_v2_lite,mean_pool_hs,0,True,False,0.07089433553790056,-0.015885062562301756,0.154249070584774,0.16947820111703463,0.2551428161389597,0.42048917922079576,1000
deepseek_v2_lite,mean_pool_hs,1,True,False,0.06983253883544843,-0.012526030000299216,0.15800932981073854,0.1511443918999799,0.2122015132237569,0.42048917922079576,1000
deepseek_v2_lite,mean_pool_hs,2,True,False,0.09443372104209817,0.010042608017101884,0.17097446396946905,0.17751268891693814,0.2235529577145067,0.42048917922079576,1000
deepseek_v2_lite,mean_pool_hs,3,True,False,0.07061467043246973,0.018406684417277577,0.15440262816846367,0.10975078616420186,0.10955795529251884,0.42048917922079576,1000
deepseek_v2_lite,mean_pool_hs,4,True,False,0.03871917217620667,-0.00032841883876244527,0.1643727920949459,0.03579194807940166,0.001574788347757201,0.42048917922079576,1000
deepseek_v2_lite,mean_pool_hs,5,True,False,0.044335192276155296,0.005538934539072216,0.1721354257315397,0.04334030338351235,0.0074108840025344375,0.42048917922079576,1000
deepseek_v2_lite,mean_pool_hs,6,True,False,0.04730274740056542,0.009344686940312387,0.1745482414960861,0.049521535249778946,0.015717812303871467,0.42048917922079576,1000
deepseek_v2_lite,mean_pool_hs,7,True,False,0.05656125432071048,0.015938998013734818,0.18016633540391921,0.05983126891008264,0.020271452478811125,0.42048917922079576,1000
deepseek_v2_lite,mean_pool_hs,8,True,False,0.05933043559440007,0.016410271171480417,0.18520578593015669,0.06275332626678423,0.02124934998063121,0.42048917922079576,1000
deepseek_v2_lite,mean_pool_hs,9,True,False,0.06266694500679179,0.018795943306759,0.1860775280743837,0.06875870159054034,0.02835745071764086,0.42048917922079576,1000
deepseek_v2_lite,mean_pool_hs,10,True,False,0.07063097457782942,0.02673446382395923,0.19046227522194376,0.0794362230419885,0.0366142171104731,0.42048917922079576,1000
deepseek_v2_lite,mean_pool_hs,11,True,False,0.07510986355847832,0.03204239620827139,0.19335612468421456,0.08477688637438426,0.03967652989415077,0.42048917922079576,1000
deepseek_v2_lite,mean_pool_hs,12,True,False,0.08559444256220138,0.03781746979802847,0.20073104761540886,0.10187234871140882,0.057892018143992696,0.42048917922079576,1000
deepseek_v2_lite,mean_pool_hs,13,True,False,0.08676199955284251,0.0365696064196527,0.20277112498879432,0.10296008286711017,0.05796460202984442,0.42048917922079576,1000
deepseek_v2_lite,mean_pool_hs,14,True,False,0.0818562686757374,0.03313898565247655,0.18971367552876467,0.09834077042517202,0.057542109150569114,0.42048917922079576,1000
deepseek_v2_lite,mean_pool_hs,15,True,False,0.08008832109430232,0.03199142506346107,0.1855090126395225,0.09894227256366181,0.06283616927133552,0.42048917922079576,1000
deepseek_v2_lite,mean_pool_hs,16,True,False,0.08228770088887039,0.029678371408954265,0.18971204236149786,0.10524877947799713,0.07322369134818695,0.42048917922079576,1000
deepseek_v2_lite,mean_pool_hs,17,True,False,0.08429953107870186,0.03043781956657767,0.18611598014831543,0.11149225597228625,0.08389547660723327,0.42048917922079576,1000
deepseek_v2_lite,mean_pool_hs,18,True,False,0.0875686960251922,0.029118856787681578,0.1896084737032652,0.12168204807054062,0.10140749850656708,0.42048917922079576,1000
deepseek_v2_lite,mean_pool_hs,19,True,False,0.0920851545333641,0.031135756289586425,0.19130833260715005,0.13056323658103408,0.1130838328731603,0.42048917922079576,1000
deepseek_v2_lite,mean_pool_hs,20,True,False,0.09292832049861098,0.030234339414164424,0.19124856032431126,0.13507248245359926,0.1222169609520275,0.42048917922079576,1000
deepseek_v2_lite,mean_pool_hs,21,True,False,0.0996563780098468,0.02999519337899983,0.19661532565951345,0.14641083643499925,0.1351336029226732,0.42048917922079576,1000
deepseek_v2_lite,mean_pool_hs,22,True,False,0.10331266103598724,0.02832635226659477,0.20131031125783921,0.15751832843222668,0.15435936635590958,0.42048917922079576,1000
deepseek_v2_lite,mean_pool_hs,23,True,False,0.10685941514925693,0.02934521893039346,0.2048103731125593,0.16727003219623604,0.1706064201863096,0.42048917922079576,1000
deepseek_v2_lite,mean_pool_hs,24,True,False,0.12206529496521111,0.035245226416736844,0.2245971653610468,0.19277670516549036,0.20041954945367765,0.42048917922079576,1000
deepseek_v2_lite,mean_pool_hs,25,True,False,0.11926006364168973,0.024109693057835103,0.21889251992106437,0.20557641575419594,0.2390277951822245,0.42048917922079576,1000
deepseek_v2_lite,mean_pool_hs,26,True,False,0.10884603078690554,0.011870181304402651,0.21238186694681643,0.21075021274731345,0.2754271978770728,0.42048917922079576,1000
deepseek_v2_lite,mean_pool_hs,27,True,False,0.0995429416008299,0.008394411497283729,0.19219346418976782,0.19747215899832762,0.26236323621853047,0.42048917922079576,1000
llama,last_token_hs,0,True,False,,,,,,0.42048917922079576,0
llama,last_token_hs,1,True,False,0.019698553459585696,-0.01566136395558715,0.12879716642200945,0.05463843966290971,0.08759962931388471,0.42048917922079576,1000
llama,last_token_hs,2,True,False,0.0578906724031158,0.005746136116795242,0.1682232655584812,0.11001867318357185,0.13792651806015763,0.42048917922079576,1000
llama,last_token_hs,3,True,False,0.06571183907656468,0.007408841804135591,0.16343015544116496,0.12665348814919733,0.16127344835016202,0.42048917922079576,1000
llama,last_token_hs,4,True,False,0.056987721143192956,-0.010650142095983028,0.14814305342733855,0.13676234366900614,0.20489100869123708,0.42048917922079576,1000
llama,last_token_hs,5,True,False,0.09083017410971547,0.018744059931486846,0.17445996105670927,0.1722179665749069,0.2183068952187174,0.42048917922079576,1000
llama,last_token_hs,6,True,False,0.11993780942042886,0.03477324107661844,0.20929157957434652,0.20282456589970813,0.23053237633662674,0.42048917922079576,1000
llama,last_token_hs,7,True,False,0.1309346444222753,0.04803951419889927,0.21377658396959304,0.22078209158548928,0.25163045526600636,0.42048917922079576,1000
llama,last_token_hs,8,True,False,0.17583944482512734,0.07849958427250385,0.2619152769446373,0.27882824519980653,0.30132706754701066,0.42048917922079576,1000
llama,last_token_hs,9,True,False,0.24385949862739972,0.12852848768234254,0.3261152885854244,0.37123093998501977,0.4007826358419513,0.42048917922079576,1000
llama,last_token_hs,10,True,False,0.2613622127849419,0.14614268839359285,0.331505373865366,0.3934504098000826,0.42529448246523766,0.42048917922079576,1000
llama,last_token_hs,11,True,False,0.2522748400559457,0.13246058560907842,0.3214994773268699,0.37904759184481135,0.4033498978422616,0.42048917922079576,1000
llama,last_token_hs,12,True,False,0.2978235269389285,0.16986268907785415,0.37398387864232063,0.42556301975608984,0.43272981050430065,0.42048917922079576,1000
llama,last_token_hs,13,True,False,0.3491040486468608,0.21414935328066348,0.4256937526166439,0.47140634916546914,0.4474268415741675,0.42048917922079576,1000
llama,last_token_hs,14,True,False,0.3937286194707904,0.2541372090578079,0.4828562818467617,0.5122034521324834,0.4667957445362585,0.42048917922079576,1000
llama,last_token_hs,15,True,False,0.39999442533153395,0.2506799206137657,0.5157596185803414,0.5214693074942849,0.48572439512681265,0.42048917922079576,1000
llama,last_token_hs,16,True,False,0.37976553440478994,0.23511097058653832,0.48820854127407076,0.5097163136748654,0.5048747688502673,0.42048917922079576,1000
llama,last_token_hs,17,True,False,0.3591011417017524,0.2171117067337036,0.46900329291820525,0.49514244708506694,0.5119318404043723,0.42048917922079576,1000
llama,last_token_hs,18,True,False,0.3382004356828009,0.19686691574752332,0.44154040738940237,0.4758140669961636,0.4993057071198157,0.42048917922079576,1000
llama,last_token_hs,19,True,False,0.30726256689035536,0.15933968909084797,0.4140724211931229,0.4456507595575126,0.47721554535600874,0.42048917922079576,1000
llama,last_token_hs,20,True,False,0.29059057346948425,0.13710567019879819,0.40649222433567045,0.42818745993063334,0.4623309636592989,0.42048917922079576,1000
llama,last_token_hs,21,True,False,0.2752312644472483,0.12745816819369793,0.3835801586508751,0.41515832282034987,0.46001772795555873,0.42048917922079576,1000
llama,last_token_hs,22,True,False,0.2587908354327921,0.11689770575612783,0.3539505809545517,0.4050055681319705,0.47042425862545056,0.42048917922079576,1000
llama,last_token_hs,23,True,False,0.2610264813457206,0.1300097819417715,0.36103055626153946,0.4011280062364134,0.4513727633018643,0.42048917922079576,1000
llama,last_token_hs,24,True,False,0.2550420288956185,0.09847534634172916,0.34571089074015615,0.4160057840496101,0.5189213878734019,0.42048917922079576,1000
llama,last_token_hs,25,True,False,0.24566242164343122,0.08177609201520682,0.334681099653244,0.41277261492489387,0.5332220211396703,0.42048917922079576,1000
llama,last_token_hs,26,True,False,0.24818036660701714,0.09149732757359744,0.3368567503988743,0.41112488329916935,0.5204763328330437,0.42048917922079576,1000
llama,last_token_hs,27,True,False,0.24312682071708547,0.08812418710440398,0.3297719344496727,0.40507518806780646,0.5130474481752261,0.42048917922079576,1000
llama,last_token_hs,28,True,False,0.2418566206896971,0.09068988934159279,0.32349729537963867,0.4018157475026743,0.5052373651678416,0.42048917922079576,1000
llama,last_token_hs,29,True,False,0.24124222128970352,0.08873070534318686,0.32303277552127835,0.3995956622914038,0.4993092318101322,0.42048917922079576,1000
llama,last_token_hs,30,True,False,0.2385097988755515,0.09104559365659952,0.3199072495102882,0.3946742220973445,0.48998109560175224,0.42048917922079576,1000
llama,last_token_hs,31,True,False,0.23404598590072923,0.08990051317960024,0.31277828961610793,0.38867785553883694,0.48182773249220623,0.42048917922079576,1000
llama,last_token_hs,32,True,False,0.23038535804847576,0.09465606417506933,0.31341971307992933,0.3798606379238827,0.4626800564086492,0.42048917922079576,1000
llama,mean_pool_hs,0,True,False,0.11007013559699567,0.04877073215320707,0.18128873258829115,0.17945167714056548,0.19376973266182418,0.42048917922079576,1000
llama,mean_pool_hs,1,True,False,0.10300448100528688,0.024459697818383575,0.1752546727657318,0.18633830893794154,0.22667705770106653,0.42048917922079576,1000
llama,mean_pool_hs,2,True,False,0.0930871082073114,0.03320330893620849,0.15865055471658707,0.1620519214828504,0.18811924596238222,0.42048917922079576,1000
llama,mean_pool_hs,3,True,False,0.11062342629677994,0.03133549285121262,0.17719149664044379,0.19263266760819087,0.22557341602372272,0.42048917922079576,1000
llama,mean_pool_hs,4,True,False,0.12844681006386557,0.03960220292210579,0.20094987265765665,0.22344527137892506,0.26408018789221327,0.42048917922079576,1000
llama,mean_pool_hs,5,True,False,0.13885021523708416,0.05151153197512031,0.2226871959865093,0.23128787726204753,0.2608144749261106,0.42048917922079576,1000
llama,mean_pool_hs,6,True,False,0.1653791014815475,0.06676636319607497,0.25169796124100685,0.25766633777959635,0.26909889551076865,0.42048917922079576,1000
llama,mean_pool_hs,7,True,False,0.1977606484132981,0.09244490507990122,0.2719957016408443,0.29425926791256,0.2916402919087929,0.42048917922079576,1000
llama,mean_pool_hs,8,True,False,0.24445797105721034,0.12980183251202107,0.3077301189303398,0.35277760428161165,0.343615374414712,0.42048917922079576,1000
llama,mean_pool_hs,9,True,False,0.26386734302292364,0.14243897870182992,0.3314613625407219,0.37375615999505346,0.35703388281709453,0.42048917922079576,1000
llama,mean_pool_hs,10,True,False,0.28189390953006804,0.15286979265511036,0.3534211285412311,0.39258149706730805,0.36808675511969774,0.42048917922079576,1000
llama,mean_pool_hs,11,True,False,0.3252281357202902,0.18505284897983074,0.39878846555948255,0.43343652589988346,0.38236538689799027,0.42048917922079576,1000
llama,mean_pool_hs,12,True,False,0.3521685791669593,0.21308236457407476,0.4184816248714924,0.4607990787584114,0.3991356902813807,0.42048917922079576,1000
llama,mean_pool_hs,13,True,False,0.32873515795538755,0.19560276418924333,0.3954672247171402,0.4405604899062555,0.39657865235623435,0.42048917922079576,1000
llama,mean_pool_hs,14,True,False,0.3194753077901225,0.18724007084965705,0.3843567721545696,0.4311761611132227,0.3909368401157496,0.42048917922079576,1000
llama,mean_pool_hs,15,True,False,0.3068299131346884,0.179552998021245,0.3699382618069648,0.41994386560406954,0.3887156804187891,0.42048917922079576,1000
llama,mean_pool_hs,16,True,False,0.2696927975038806,0.14525198563933372,0.3408496581017971,0.3790769186586273,0.3582080251818717,0.42048917922079576,1000
llama,mean_pool_hs,17,True,False,0.24327660413917412,0.12127530034631491,0.3200167506933212,0.35670832779187744,0.35823282168743187,0.42048917922079576,1000
llama,mean_pool_hs,18,True,False,0.2275700555329799,0.1073864970356226,0.30719843357801435,0.3438178675054377,0.3594473186644998,0.42048917922079576,1000
llama,mean_pool_hs,19,True,False,0.21589770951336762,0.09863707795739174,0.29858346506953237,0.3321549319195216,0.3542964104399225,0.42048917922079576,1000
llama,mean_pool_hs,20,True,False,0.20524170812871442,0.09519435726106167,0.2823996230959892,0.3212547590824482,0.3489927285329587,0.42048917922079576,1000
llama,mean_pool_hs,21,True,False,0.19245397499975705,0.08578763380646706,0.27553905621171,0.3046322445462968,0.33289423112389976,0.42048917922079576,1000
llama,mean_pool_hs,22,True,False,0.1820917239844322,0.08136841021478176,0.26532187089323994,0.2914504657885664,0.32101421912634864,0.42048917922079576,1000
llama,mean_pool_hs,23,True,False,0.1753997413376232,0.07866196464747191,0.2570882633328438,0.2819998441164262,0.31094492093207526,0.42048917922079576,1000
llama,mean_pool_hs,24,True,False,0.17154515139589338,0.07240687850862741,0.2529985435307026,0.2808928178384411,0.3169523165362361,0.42048917922079576,1000
llama,mean_pool_hs,25,True,False,0.16920511111847647,0.07250586878508329,0.24740344956517216,0.2786099744500302,0.3162232869054323,0.42048917922079576,1000
llama,mean_pool_hs,26,True,False,0.17169306000607568,0.07490232698619366,0.25288371816277505,0.2817685861425724,0.318984900319439,0.42048917922079576,1000
llama,mean_pool_hs,27,True,False,0.1708426447971263,0.07341398186981678,0.25153974592685696,0.27948839093515493,0.31478387758416615,0.42048917922079576,1000
llama,mean_pool_hs,28,True,False,0.1664679452593417,0.07300228644162417,0.24516858793795107,0.2737733812325189,0.3095322374205426,0.42048917922079576,1000
llama,mean_pool_hs,29,True,False,0.17222443581067673,0.07411067262291908,0.2521923460066318,0.28450769626653344,0.3251978533893933,0.42048917922079576,1000
llama,mean_pool_hs,30,True,False,0.16258462338587773,0.06381531991064548,0.24644424058496947,0.27252626741745056,0.31518617460629444,0.42048917922079576,1000
llama,mean_pool_hs,31,True,False,0.16173984444712974,0.06002031899988651,0.24746217690408226,0.2713914971124225,0.3140906390192432,0.42048917922079576,1000
llama,mean_pool_hs,32,True,False,0.15178084490289476,0.04580306187272072,0.25546608939766885,0.26979818087167867,0.33279687649610934,0.42048917922079576,1000
llama_base,last_token_hs,0,True,False,,,,,,0.42048917922079576,0
llama_base,last_token_hs,1,True,False,-0.024171299775259635,-0.05749732768163085,0.06228597890585653,0.047251388280523346,0.16382267752976223,0.42048917922079576,1000
llama_base,last_token_hs,2,True,False,-0.020006641964102387,-0.04787586173042655,0.07434872724115849,0.027185542461390124,0.10757040749028356,0.42048917922079576,1000
llama_base,last_token_hs,3,True,False,0.012803077001547683,-0.02251937580294907,0.1038169028237462,0.057739954593285715,0.10985791262212319,0.42048917922079576,1000
llama_base,last_token_hs,4,True,False,0.031040302154695998,-0.015406288136728107,0.12716693356633185,0.06575795984670532,0.08967803407120252,0.42048917922079576,1000
llama_base,last_token_hs,5,True,False,0.02148567537112477,-0.026849155826494095,0.11933356542140244,0.04994120403091668,0.07253134963926604,0.42048917922079576,1000
llama_base,last_token_hs,6,True,False,0.04169502197327419,-0.014526711334474385,0.13444327674806117,0.07603469642935057,0.09123343662221878,0.42048917922079576,1000
llama_base,last_token_hs,7,True,False,0.059702213700359844,-0.008747196127660572,0.16099678836762904,0.11862002073619239,0.15483293632643852,0.42048917922079576,1000
llama_base,last_token_hs,8,True,False,0.07677684441276539,-0.008621022407896816,0.18694789893925187,0.15531919355003015,0.20731362110079976,0.42048917922079576,1000
llama_base,last_token_hs,9,True,False,0.13298131559961462,0.02511960091069341,0.2457968022674322,0.23301034575277035,0.27856225532195,0.42048917922079576,1000
llama_base,last_token_hs,10,True,False,0.16325202229148347,0.04426730209961534,0.26961093470454206,0.2677502482464939,0.30082328417843507,0.42048917922079576,1000
llama_base,last_token_hs,11,True,False,0.1895932544695445,0.048711769748479135,0.3120530292391777,0.30284993211499406,0.33474413701003053,0.42048917922079576,1000
llama_base,last_token_hs,12,True,False,0.19070422731178666,0.03748121727257967,0.32102023959159853,0.31091965733318905,0.35469085420467883,0.42048917922079576,1000
llama_base,last_token_hs,13,True,False,0.19036141794953962,0.011072906409390272,0.34729606583714484,0.3150093212017691,0.3670771848743666,0.42048917922079576,1000
llama_base,last_token_hs,14,True,False,0.17491245508309924,-0.009193357825279237,0.3430882319808006,0.29711827847106764,0.3535668490137375,0.42048917922079576,1000
llama_base,last_token_hs,15,True,False,0.14548591266172478,-0.038540101144462824,0.32262788265943526,0.26522514579589684,0.3349716464944621,0.42048917922079576,1000
llama_base,last_token_hs,16,True,False,0.12557599563739144,-0.06455840487033129,0.30858938992023466,0.24046146084077746,0.31466763700772715,0.42048917922079576,1000
llama_base,last_token_hs,17,True,False,0.12829061882955017,-0.07263109628111124,0.32095551192760463,0.24778814235878857,0.32776141630961403,0.42048917922079576,1000
llama_base,last_token_hs,18,True,False,0.12353690987369183,-0.07480804808437824,0.31741960272192954,0.24239035826430227,0.3242965477924557,0.42048917922079576,1000
llama_base,last_token_hs,19,True,False,0.11436556015918008,-0.08055076263844967,0.31274683699011796,0.23073165406867388,0.31447265361288335,0.42048917922079576,1000
llama_base,last_token_hs,20,True,False,0.11507316531855977,-0.07911732736974954,0.3135527707636356,0.2309371355892134,0.3134260432008925,0.42048917922079576,1000
llama_base,last_token_hs,21,True,False,0.10692639189633427,-0.08543550036847591,0.29984690770506855,0.22128143457355365,0.30664559025530724,0.42048917922079576,1000
llama_base,last_token_hs,22,True,False,0.09662720298029606,-0.07501404602080583,0.2688553765416145,0.20491411682495572,0.2876400643138493,0.42048917922079576,1000
llama_base,last_token_hs,23,True,False,0.0946227360471382,-0.07800597473978996,0.2583264917135238,0.20481962378726587,0.2918157092788431,0.42048917922079576,1000
llama_base,last_token_hs,24,True,False,0.08716987868693997,-0.07438623700290918,0.24173401705920697,0.19410293029406717,0.28110854107595257,0.42048917922079576,1000
llama_base,last_token_hs,25,True,False,0.08907917299203086,-0.07132711727172136,0.24005587249994279,0.19269593933464477,0.2733802255454906,0.42048917922079576,1000
llama_base,last_token_hs,26,True,False,0.09150356130355003,-0.07209295704960823,0.24266035743057726,0.19343496376251398,0.2699126405505047,0.42048917922079576,1000
llama_base,last_token_hs,27,True,False,0.09180554562436913,-0.07058863397687673,0.24265791252255436,0.19361949495397948,0.2697129946705755,0.42048917922079576,1000
llama_base,last_token_hs,28,True,False,0.09156426432658496,-0.07017551809549331,0.23735283128917212,0.19485675233838778,0.27336003502676465,0.42048917922079576,1000
llama_base,last_token_hs,29,True,False,0.0996415175656897,-0.06665184106677771,0.2461297322064638,0.20512755526315293,0.28152841208032575,0.42048917922079576,1000
llama_base,last_token_hs,30,True,False,0.0919229154320745,-0.061629553418606514,0.23377348780632018,0.19072450720439504,0.26217166620799315,0.42048917922079576,1000
llama_base,last_token_hs,31,True,False,0.12153159235698134,-0.05549148870632052,0.2753562740981579,0.23226349683924313,0.3024123258791389,0.42048917922079576,1000
llama_base,last_token_hs,32,True,False,0.19658999835872856,-0.051282487250864504,0.40383150279521934,0.3294517764211508,0.3935388654460912,0.42048917922079576,1000
llama_base,mean_pool_hs,0,True,False,0.12002874685672907,0.054194832872599366,0.18622995875775814,0.1920798808859156,0.20321679315821745,0.42048917922079576,1000
llama_base,mean_pool_hs,1,True,False,0.10260912789275256,0.020354766212403775,0.1711645435541868,0.19314854935438153,0.2446700088914024,0.42048917922079576,1000
llama_base,mean_pool_hs,2,True,False,0.09090937602140338,0.037784081511199476,0.16623669005930425,0.14290681655564236,0.1457976338630232,0.42048917922079576,1000
llama_base,mean_pool_hs,3,True,False,0.11084227266936092,0.04127751830965281,0.17831582129001616,0.18436714712274466,0.20433857286073973,0.42048917922079576,1000
llama_base,mean_pool_hs,4,True,False,0.12332113233764985,0.04354253374040127,0.18494669348001477,0.2146147255454054,0.25295441552023795,0.42048917922079576,1000
llama_base,mean_pool_hs,5,True,False,0.13372468687554848,0.04382228767499328,0.20753979273140427,0.2338210727517553,0.2789852428946031,0.42048917922079576,1000
llama_base,mean_pool_hs,6,True,False,0.16475185343953172,0.06561923753470182,0.23507375083863735,0.26796796832311975,0.29793228371147545,0.42048917922079576,1000
llama_base,mean_pool_hs,7,True,False,0.1895753935598616,0.08596089147031308,0.2539222322404384,0.3020933257682271,0.33268257656222544,0.42048917922079576,1000
llama_base,mean_pool_hs,8,True,False,0.21656993702748475,0.11050490401685238,0.2840793192386627,0.3413116178760717,0.379329156822655,0.42048917922079576,1000
llama_base,mean_pool_hs,9,True,False,0.24131666256236997,0.1297607619315386,0.30951344296336175,0.3702011873809286,0.40412577368884844,0.42048917922079576,1000
llama_base,mean_pool_hs,10,True,False,0.24705658281761272,0.12992261722683907,0.32398688122630115,0.37933182464125853,0.41779666228522927,0.42048917922079576,1000
llama_base,mean_pool_hs,11,True,False,0.27277402334165946,0.14924965612590313,0.35534702986478806,0.40571931294382746,0.43487208770490654,0.42048917922079576,1000
llama_base,mean_pool_hs,12,True,False,0.2835203873915177,0.16608430556952952,0.35905553549528124,0.41862120927156626,0.4489032539600901,0.42048917922079576,1000
llama_base,mean_pool_hs,13,True,False,0.2722704449410528,0.15546059608459473,0.3457979433238506,0.407689177827168,0.4428139123979034,0.42048917922079576,1000
llama_base,mean_pool_hs,14,True,False,0.25898309309010104,0.14407289177179336,0.3358144253492355,0.3939200968734242,0.4331413953945963,0.42048917922079576,1000
llama_base,mean_pool_hs,15,True,False,0.2453945983394258,0.13059821762144566,0.31933556944131847,0.3795575882582849,0.4228249731234634,0.42048917922079576,1000
llama_base,mean_pool_hs,16,True,False,0.22566177478124613,0.10516073778271676,0.3028366148471832,0.35479692272448515,0.3968383960717388,0.42048917922079576,1000
llama_base,mean_pool_hs,17,True,False,0.2258484876258179,0.105692601762712,0.30389441996812816,0.35210751549286046,0.3882957958452373,0.42048917922079576,1000
llama_base,mean_pool_hs,18,True,False,0.21384252620158306,0.09284008704125882,0.2965123549103737,0.3483850206815479,0.40707091834600384,0.42048917922079576,1000
llama_base,mean_pool_hs,19,True,False,0.21093130338781105,0.08579290527850389,0.2998129971325397,0.34361945811311195,0.4000695971745835,0.42048917922079576,1000
llama_base,mean_pool_hs,20,True,False,0.20836025765187183,0.08607786241918802,0.2995559275150299,0.3419437164047774,0.4014377088127801,0.42048917922079576,1000
llama_base,mean_pool_hs,21,True,False,0.19627891906897618,0.0783513942733407,0.2862285807728767,0.3272127888899391,0.38779964312201365,0.42048917922079576,1000
llama_base,mean_pool_hs,22,True,False,0.19508123073963787,0.07813595999032259,0.2918162301182747,0.3254063087134022,0.3854753757559495,0.42048917922079576,1000
llama_base,mean_pool_hs,23,True,False,0.18951531019887183,0.06916271578520536,0.2927393145859241,0.32122421219094255,0.38684573824901486,0.42048917922079576,1000
llama_base,mean_pool_hs,24,True,False,0.18574562249732507,0.06814548093825579,0.29009275883436203,0.3176807335407983,0.38573250001532783,0.42048917922079576,1000
llama_base,mean_pool_hs,25,True,False,0.18679722810836974,0.06927496418356896,0.28690039440989495,0.31706618441629675,0.3814626704222551,0.42048917922079576,1000
llama_base,mean_pool_hs,26,True,False,0.1901147403570993,0.0716022128239274,0.29198384806513783,0.32060313331258566,0.38362434444238425,0.42048917922079576,1000
llama_base,mean_pool_hs,27,True,False,0.19499189264148453,0.07295042593032122,0.2955001786351204,0.3262567027412392,0.3881471652198895,0.42048917922079576,1000
llama_base,mean_pool_hs,28,True,False,0.18986693681233485,0.0684230225160718,0.2904677182435989,0.32188273684353325,0.38789234866100575,0.42048917922079576,1000
llama_base,mean_pool_hs,29,True,False,0.19807871753102355,0.0703099736943841,0.30358239784836766,0.33176535953433256,0.3966620638436497,0.42048917922079576,1000
llama_base,mean_pool_hs,30,True,False,0.20085349815729805,0.0685927364975214,0.3139356106519699,0.3305742524840436,0.3864500206488108,0.42048917922079576,1000
llama_base,mean_pool_hs,31,True,False,0.20227881870067166,0.07018573861569166,0.3168829783797264,0.3346029772530817,0.3947274404901645,0.42048917922079576,1000
llama_base,mean_pool_hs,32,True,False,0.18309509314171224,0.050302617624402045,0.3179235316812992,0.3155535718946235,0.3859933197224634,0.42048917922079576,1000
mistral,last_token_hs,0,True,False,,,,,,0.42048917922079576,0
mistral,last_token_hs,1,True,False,0.04534340709252215,-0.04295442560687661,0.19762618355453004,0.10525318486320114,0.15363450451681335,0.42048917922079576,1000
mistral,last_token_hs,2,True,False,0.013514680065480567,-0.04405455393716693,0.1376742143183946,0.05808828939133848,0.10915792149259382,0.42048917922079576,1000
mistral,last_token_hs,3,True,False,0.05212279242891065,-0.01797758601605892,0.1528857298195362,0.12985246603987258,0.19858646314239065,0.42048917922079576,1000
mistral,last_token_hs,4,True,False,0.058525655964460126,-0.008193397847935557,0.15813271999359127,0.12775834267127423,0.17960420015702186,0.42048917922079576,1000
mistral,last_token_hs,5,True,False,0.07757404267963326,0.01059715976007283,0.16113053336739538,0.1486814165179687,0.18923277602104943,0.42048917922079576,1000
mistral,last_token_hs,6,True,False,0.06046998713372632,-0.008902463503181935,0.14756016880273817,0.1308690210503681,0.1829554633426487,0.42048917922079576,1000
mistral,last_token_hs,7,True,False,0.08440850256254147,-0.0018576721427962183,0.17895032092928884,0.16521760530360624,0.21504901777547705,0.42048917922079576,1000
mistral,last_token_hs,8,True,False,0.09395565592563446,0.020106140431016686,0.17915111035108564,0.1784999901897308,0.2270713159558062,0.42048917922079576,1000
mistral,last_token_hs,9,True,False,0.11864286362446504,0.04151323772966862,0.20198180601000784,0.1962835279093099,0.21689406329917135,0.42048917922079576,1000
mistral,last_token_hs,10,True,False,0.14196596124517194,0.049715214408934116,0.23292895480990408,0.22558525461162832,0.23904065721004622,0.42048917922079576,1000
mistral,last_token_hs,11,True,False,0.18647331649472998,0.07842363677918911,0.2674188375473022,0.2780040421769814,0.2742096709030662,0.42048917922079576,1000
mistral,last_token_hs,12,True,False,0.32353869217268355,0.1808332085609436,0.3935642927885056,0.42640466488690665,0.3637982211258993,0.42048917922079576,1000
mistral,last_token_hs,13,True,False,0.3285542210289146,0.18530015386641024,0.403768865019083,0.43521145683603407,0.37896180988766537,0.42048917922079576,1000
mistral,last_token_hs,14,True,False,0.37178349238280717,0.22326685190200807,0.4399608805775642,0.4755530602975054,0.393447829497249,0.42048917922079576,1000
mistral,last_token_hs,15,True,False,0.38455317835018665,0.24143796898424624,0.45144093334674834,0.48120231096369775,0.37527232483966444,0.42048917922079576,1000
mistral,last_token_hs,16,True,False,0.4040864892098689,0.2569360613822937,0.47749832943081855,0.4993347712785128,0.3815738156569032,0.42048917922079576,1000
mistral,last_token_hs,17,True,False,0.38408729906455763,0.2541303999722004,0.461032547801733,0.47695838436491317,0.36163017792853147,0.42048917922079576,1000
mistral,last_token_hs,18,True,False,0.37498250746040773,0.24272224083542823,0.46351986601948736,0.4643608450705053,0.344864635968902,0.42048917922079576,1000
mistral,last_token_hs,19,True,False,0.33217204654024524,0.21264581233263016,0.4105113260447979,0.4149581500364747,0.3040437999043201,0.42048917922079576,1000
mistral,last_token_hs,20,True,False,0.2956265732034004,0.18183652721345425,0.36480482742190357,0.37545092158276583,0.280647462113212,0.42048917922079576,1000
mistral,last_token_hs,21,True,False,0.26557571434055416,0.15821007117629052,0.33224431127309795,0.3411244075669189,0.257549684142916,0.42048917922079576,1000
mistral,last_token_hs,22,True,False,0.25626532473683866,0.15518176183104515,0.3255767121911049,0.3234200430342361,0.2311824281696713,0.42048917922079576,1000
mistral,last_token_hs,23,True,False,0.247985589260572,0.14795139953494071,0.3175849176943302,0.3141002093290083,0.22571277663446923,0.42048917922079576,1000
mistral,last_token_hs,24,True,False,0.2323305133513218,0.13638631515204908,0.3038331277668476,0.2936501080325421,0.20801528182047904,0.42048917922079576,1000
mistral,last_token_hs,25,True,False,0.21290583885396128,0.1224034283310175,0.28681684136390684,0.2647952371235053,0.17764736629728842,0.42048917922079576,1000
mistral,last_token_hs,26,True,False,0.2028474572759011,0.11335917711257934,0.27596315667033194,0.2536497486788935,0.17206543173266944,0.42048917922079576,1000
mistral,last_token_hs,27,True,False,0.19946503137574814,0.10993633326143026,0.27156274020671844,0.24642145203465834,0.16128002777208622,0.42048917922079576,1000
mistral,last_token_hs,28,True,False,0.19183864661322125,0.10501466486603021,0.2670020997524261,0.23672460521618058,0.15397677049755054,0.42048917922079576,1000
mistral,last_token_hs,29,True,False,0.20407003909493251,0.1081039946526289,0.28289600759744643,0.24645113888607503,0.1508164960577421,0.42048917922079576,1000
mistral,last_token_hs,30,True,False,0.184105441718256,0.10048560872673988,0.2614669665694237,0.2222973894121885,0.13505549083832505,0.42048917922079576,1000
mistral,last_token_hs,31,True,False,0.17499659231543077,0.09455292783677578,0.25092797875404355,0.21208172805053832,0.1299787618857427,0.42048917922079576,1000
mistral,last_token_hs,32,True,False,0.16447140048414027,0.09205822348594665,0.24226814322173595,0.19525699890871775,0.11169432574637561,0.42048917922079576,1000
mistral,mean_pool_hs,0,True,False,0.09436264596153707,0.021388943819329143,0.17332660295069213,0.16793470706356375,0.19988002448855893,0.42048917922079576,1000
mistral,mean_pool_hs,1,True,False,0.08219180069754925,0.012374029820784926,0.20868571549654005,0.09919765497137838,0.05887089266523385,0.42048917922079576,1000
mistral,mean_pool_hs,2,True,False,0.08466290147804814,0.013995295902714136,0.22429584525525567,0.09197403595525307,0.03617182519007743,0.42048917922079576,1000
mistral,mean_pool_hs,3,True,False,0.1020619934704795,0.030949962604790927,0.22507711946964262,0.12891020589822236,0.08718953495696503,0.42048917922079576,1000
mistral,mean_pool_hs,4,True,False,0.11977411135010871,0.05451617352664471,0.20842681042850014,0.1724215114584115,0.15472307729457263,0.42048917922079576,1000
mistral,mean_pool_hs,5,True,False,0.13437626380934983,0.061672164406627414,0.20606225840747355,0.20728085433974403,0.20943576912004594,0.42048917922079576,1000
mistral,mean_pool_hs,6,True,False,0.1568039436080187,0.07201045528054237,0.21858169175684453,0.24413232231005755,0.2532849943699256,0.42048917922079576,1000
mistral,mean_pool_hs,7,True,False,0.1747032125943815,0.08184150289744138,0.2377140000462532,0.27791792679598565,0.30152326294063,0.42048917922079576,1000
mistral,mean_pool_hs,8,True,False,0.19715212004126675,0.09895982313901186,0.2682486727833748,0.3021374971797035,0.31476195030019694,0.42048917922079576,1000
mistral,mean_pool_hs,9,True,False,0.2112076305458395,0.10045981518924237,0.28937939777970306,0.3199343108237965,0.3307909999654364,0.42048917922079576,1000
mistral,mean_pool_hs,10,True,False,0.23906492554742642,0.12395668849349022,0.3186190344393253,0.353714769548354,0.3599361375583982,0.42048917922079576,1000
mistral,mean_pool_hs,11,True,False,0.2753520943123144,0.14752523452043534,0.356354034692049,0.3987726410502836,0.4051749070370659,0.42048917922079576,1000
mistral,mean_pool_hs,12,True,False,0.30660430235483654,0.17951877005398273,0.3797712281346321,0.43016171598524766,0.4237794963631844,0.42048917922079576,1000
mistral,mean_pool_hs,13,True,False,0.3303334650431313,0.193759922683239,0.4065008983016014,0.4519471144462723,0.4319804255766137,0.42048917922079576,1000
mistral,mean_pool_hs,14,True,False,0.33836813008791244,0.20314165130257605,0.4107742942869663,0.45958701003013436,0.43588808143592916,0.42048917922079576,1000
mistral,mean_pool_hs,15,True,False,0.32014796551850694,0.1883487306535244,0.39437038525938983,0.44638066582395397,0.4418881198423404,0.42048917922079576,1000
mistral,mean_pool_hs,16,True,False,0.3014451705143021,0.18069990947842599,0.3812405817210674,0.42642984116836025,0.42551762628061046,0.42048917922079576,1000
mistral,mean_pool_hs,17,True,False,0.29369379046333705,0.1779046144336462,0.3668938674032688,0.4180584336864355,0.4187462880605104,0.42048917922079576,1000
mistral,mean_pool_hs,18,True,False,0.28615932944357975,0.16758903972804545,0.35922600626945494,0.4098671953221438,0.4121764631878406,0.42048917922079576,1000
mistral,mean_pool_hs,19,True,False,0.27153745307415333,0.1508540142327547,0.3453450746834278,0.3933600560920297,0.39797914663351724,0.42048917922079576,1000
mistral,mean_pool_hs,20,True,False,0.25634885798499757,0.13620183765888214,0.3339046239852905,0.3814696677456031,0.4003342581316848,0.42048917922079576,1000
mistral,mean_pool_hs,21,True,False,0.2355203495983683,0.11481063328683376,0.32333156242966654,0.3590414309331141,0.38481226401773205,0.42048917922079576,1000
mistral,mean_pool_hs,22,True,False,0.22710610333063494,0.10473348591476679,0.3183985248208046,0.34837184164996854,0.3740284430759577,0.42048917922079576,1000
mistral,mean_pool_hs,23,True,False,0.2247246181943719,0.1059141229838133,0.3125462919473648,0.34511549475422126,0.37033093162790265,0.42048917922079576,1000
mistral,mean_pool_hs,24,True,False,0.2270130650082118,0.10661078672856092,0.31418819129467007,0.3487340546488816,0.37533458200125547,0.42048917922079576,1000
mistral,mean_pool_hs,25,True,False,0.20708830668476,0.0924770062789321,0.2973719023168087,0.3294227083036111,0.3679337217232879,0.42048917922079576,1000
mistral,mean_pool_hs,26,True,False,0.2108575022421421,0.09745506923645735,0.2955200836062431,0.3328666367488373,0.3686997173167448,0.42048917922079576,1000
mistral,mean_pool_hs,27,True,False,0.209627450925939,0.09345228429883719,0.29790159091353413,0.3324462256414571,0.3704889243254245,0.42048917922079576,1000
mistral,mean_pool_hs,28,True,False,0.20946243802606174,0.08684636298567057,0.2990519382059574,0.334003485999692,0.37541866750814007,0.42048917922079576,1000
mistral,mean_pool_hs,29,True,False,0.2141523922733181,0.08865089882165193,0.30306983515620234,0.34151071406300093,0.3858833493845875,0.42048917922079576,1000
mistral,mean_pool_hs,30,True,False,0.21288288265979563,0.08703497610986233,0.3031521447002888,0.3430477913221693,0.393557663794446,0.42048917922079576,1000
mistral,mean_pool_hs,31,True,False,0.21504238231095033,0.08891347441822291,0.30212202966213225,0.34568232923358483,0.39603305998741567,0.42048917922079576,1000
mistral,mean_pool_hs,32,True,False,0.21387636923520814,0.08562252335250378,0.30728464797139166,0.34797330076734523,0.40575494246068267,0.42048917922079576,1000
qwen,last_token_hs,0,True,False,,,,,,0.42048917922079576,0
qwen,last_token_hs,1,True,False,0.02722284105995398,-0.025806375686079262,0.1323513627052307,0.062171809232520345,0.08935161064588806,0.42048917922079576,1000
qwen,last_token_hs,2,True,False,0.02521759234833373,-0.021990395709872247,0.13096939623355866,0.049671906143897306,0.06382732455567955,0.42048917922079576,1000
qwen,last_token_hs,3,True,False,0.05110977168622435,-0.0003283497440861514,0.15067791603505612,0.09943022466105131,0.1270767421237935,0.42048917922079576,1000
qwen,last_token_hs,4,True,False,0.05241759100391952,-0.0035411025921348476,0.14564852081239213,0.10667139715726606,0.14172322789778782,0.42048917922079576,1000
qwen,last_token_hs,5,True,False,0.0819500896219484,0.005898375506512821,0.1677841559052467,0.17294185480896745,0.2396132098826418,0.42048917922079576,1000
qwen,last_token_hs,6,True,False,0.06771358973906759,-0.017168756760656833,0.15949827171862122,0.15432083550285616,0.22463009070790532,0.42048917922079576,1000
qwen,last_token_hs,7,True,False,0.08968972635983807,-0.0018541867902968079,0.1805619329214096,0.18083719553657168,0.24230567060526076,0.42048917922079576,1000
qwen,last_token_hs,8,True,False,0.1568448078182177,0.0645012328401208,0.22814776562154288,0.26489575126083154,0.30799501580342836,0.42048917922079576,1000
qwen,last_token_hs,9,True,False,0.14468672859851162,0.04428800689056516,0.22038253359496593,0.2501657610822742,0.2968155514308915,0.42048917922079576,1000
qwen,last_token_hs,10,True,False,0.20435097508178643,0.08979266975075006,0.2829068496823311,0.32135671195060633,0.3514397180453036,0.42048917922079576,1000
qwen,last_token_hs,11,True,False,0.2075607639276261,0.10256096702069044,0.28379847705364225,0.3236724317707295,0.3502659343295962,0.42048917922079576,1000
qwen,last_token_hs,12,True,False,0.24692712754033283,0.1436224527657032,0.31206744313240053,0.3646787338481423,0.37290405449764863,0.42048917922079576,1000
qwen,last_token_hs,13,True,False,0.3290035305324022,0.20643691942095757,0.398300515115261,0.4553545918814614,0.4483794231423809,0.42048917922079576,1000
qwen,last_token_hs,14,True,False,0.3732199516805724,0.21575136184692384,0.4652447409927845,0.5145984039120611,0.5526668719025818,0.42048917922079576,1000
qwen,last_token_hs,15,True,False,0.3835346005421839,0.22903659529983997,0.47180609405040735,0.5172451370681918,0.5265665401086415,0.42048917922079576,1000
qwen,last_token_hs,16,True,False,0.40173149832847577,0.24039693213999272,0.48990048542618747,0.5296948422773767,0.5185198205240058,0.42048917922079576,1000
qwen,last_token_hs,17,True,False,0.43045962669708504,0.2572880707681179,0.5396230161190033,0.5483944526258324,0.49958663112171076,0.42048917922079576,1000
qwen,last_token_hs,18,True,False,0.44688151398565024,0.2555184744298458,0.5755884483456611,0.558153618320398,0.48316835154593385,0.42048917922079576,1000
qwen,last_token_hs,19,True,False,0.4892804998322616,0.3003894738852978,0.6369687393307686,0.5720733609731823,0.3870497745326717,0.42048917922079576,1000
qwen,last_token_hs,20,True,False,0.4789784730333329,0.29426986575126646,0.616658230125904,0.5579747856679392,0.3646112002229088,0.42048917922079576,1000
qwen,last_token_hs,21,True,False,0.44874088886783464,0.261112317442894,0.5935749039053916,0.5386415052067305,0.38898826763542477,0.42048917922079576,1000
qwen,last_token_hs,22,True,False,0.41710203139002106,0.2352754108607769,0.5510408475995063,0.5089859060381604,0.37681000500042255,0.42048917922079576,1000
qwen,last_token_hs,23,True,False,0.3657139148732513,0.20595611818134785,0.46888598650693886,0.4543509312849617,0.3378096529333292,0.42048917922079576,1000
qwen,last_token_hs,24,True,False,0.3535443827408285,0.2000851295888424,0.44856393486261364,0.43955432034077396,0.32351449321280534,0.42048917922079576,1000
qwen,last_token_hs,25,True,False,0.33704068173476737,0.1897322554141283,0.4226680651307106,0.4174933811606377,0.2988772841036745,0.42048917922079576,1000
qwen,last_token_hs,26,True,False,0.31946770743671477,0.17371382638812066,0.40279261618852613,0.4051536187740503,0.3076371660290224,0.42048917922079576,1000
qwen,last_token_hs,27,True,False,0.29310819506712277,0.15493536368012428,0.37700502425432203,0.3793130955668029,0.29845512514242917,0.42048917922079576,1000
qwen,last_token_hs,28,True,True,,,,,,,0
qwen,mean_pool_hs,0,True,False,0.060217836395548716,-0.009054582146927713,0.13295595459640025,0.13834945174946575,0.20175911728397752,0.42048917922079576,1000
qwen,mean_pool_hs,1,True,False,0.09990590600813302,0.012210938427597285,0.15989816263318063,0.20523872135428547,0.2812262860225362,0.42048917922079576,1000
qwen,mean_pool_hs,2,True,False,0.08182975694300768,-0.006267798226326704,0.15455356463789938,0.18187413782831313,0.26213871962903434,0.42048917922079576,1000
qwen,mean_pool_hs,3,True,False,0.0939354994733311,0.024803516361862423,0.1570324197411537,0.18105539822562153,0.23349921329839685,0.42048917922079576,1000
qwen,mean_pool_hs,4,True,False,0.0958356309974006,0.0386189273558557,0.17198991887271403,0.1468316187827056,0.14457864754355212,0.42048917922079576,1000
qwen,mean_pool_hs,5,True,False,0.11387679833579346,0.04781034216284752,0.18095882013440132,0.18537210030301454,0.20010419479269057,0.42048917922079576,1000
qwen,mean_pool_hs,6,True,False,0.1279666444776652,0.055496744625270364,0.1988526728004217,0.19916386404068784,0.2032980960148522,0.42048917922079576,1000
qwen,mean_pool_hs,7,True,False,0.16486652044019653,0.07732124738395214,0.22816110029816628,0.25127416326966456,0.2534560346052859,0.42048917922079576,1000
qwen,mean_pool_hs,8,True,False,0.18944122130175972,0.08962781559675932,0.2558383733034134,0.28230825820473726,0.27883098513208326,0.42048917922079576,1000
qwen,mean_pool_hs,9,True,False,0.21787367281618872,0.11187862176448107,0.2817665308713913,0.3237201784632734,0.325329046073175,0.42048917922079576,1000
qwen,mean_pool_hs,10,True,False,0.1995656380172193,0.0917924091219902,0.26979057043790816,0.2936832721683473,0.28578476626990096,0.42048917922079576,1000
qwen,mean_pool_hs,11,True,False,0.21616198653234087,0.11141013950109482,0.2901693798601627,0.3134004398761792,0.3004572358135621,0.42048917922079576,1000
qwen,mean_pool_hs,12,True,False,0.2748484729493589,0.1563572444021702,0.3454299338161945,0.37958515903984236,0.3463926572414593,0.42048917922079576,1000
qwen,mean_pool_hs,13,True,False,0.30565424024599064,0.17852855175733567,0.37716489061713215,0.4117893663589952,0.3653991725696727,0.42048917922079576,1000
qwen,mean_pool_hs,14,True,False,0.33593075779586573,0.1980479434132576,0.4193735793232918,0.45069008711714975,0.41104404820947743,0.42048917922079576,1000
qwen,mean_pool_hs,15,True,False,0.3417274368838386,0.2078695047646761,0.4201735325157642,0.45318670306005143,0.4029056743092775,0.42048917922079576,1000
qwen,mean_pool_hs,16,True,False,0.3846159671799404,0.23524961471557618,0.4615101993083954,0.4938346787880398,0.42208348958687447,0.42048917922079576,1000
qwen,mean_pool_hs,17,True,False,0.4123469045690868,0.25311761274933814,0.49344934150576586,0.5184394110101673,0.4294287957985197,0.42048917922079576,1000
qwen,mean_pool_hs,18,True,False,0.40690314843071,0.24635460339486598,0.4929983258247375,0.5148309426650403,0.43291984696536684,0.42048917922079576,1000
qwen,mean_pool_hs,19,True,False,0.4079844465203142,0.24501851424574853,0.49649509638547895,0.5123808926337189,0.41937164232667035,0.42048917922079576,1000
qwen,mean_pool_hs,20,True,False,0.4062096361118055,0.24633408188819886,0.492839203029871,0.5120431258102847,0.4238838148292193,0.42048917922079576,1000
qwen,mean_pool_hs,21,True,False,0.3762062872172151,0.22845707647502422,0.4641628116369247,0.48984275012266487,0.4333790708279408,0.42048917922079576,1000
qwen,mean_pool_hs,22,True,False,0.34056938053925917,0.19727001301944255,0.4252414211630821,0.4599984989950088,0.4307909216468454,0.42048917922079576,1000
qwen,mean_pool_hs,23,True,False,0.3214949132171781,0.18543879464268684,0.4001137174665928,0.4425643107970406,0.42436248014153927,0.42048917922079576,1000
qwen,mean_pool_hs,24,True,False,0.30514823169087174,0.1773332454264164,0.37782205194234847,0.42201839855972667,0.40025406833515,0.42048917922079576,1000
qwen,mean_pool_hs,25,True,False,0.291432622499336,0.1652307990938425,0.3662813529372215,0.4050372163697772,0.3821508754820594,0.42048917922079576,1000
qwen,mean_pool_hs,26,True,False,0.28200393221715825,0.1524863112717867,0.3592670664191246,0.397698772720765,0.3839540204766575,0.42048917922079576,1000
qwen,mean_pool_hs,27,True,False,0.27491742134939784,0.14355440326035024,0.3570884272456169,0.39209882276988905,0.3850178585855288,0.42048917922079576,1000
qwen,mean_pool_hs,28,True,True,,,,,,,0
qwen_base,last_token_hs,0,True,False,,,,,,0.42048917922079576,0
qwen_base,last_token_hs,1,True,False,0.04049888206031655,-0.007130797160789368,0.1356701042503118,0.07507313471795322,0.0915191285145039,0.42048917922079576,1000
qwen_base,last_token_hs,2,True,False,0.002471448358551704,-0.03158462606370449,0.09839578624814747,0.04737063686063046,0.10735414576393906,0.42048917922079576,1000
qwen_base,last_token_hs,3,True,False,0.012970109140681002,-0.03859579162672162,0.1019486157223582,0.060331342004121845,0.11568097310639645,0.42048917922079576,1000
qwen_base,last_token_hs,4,True,False,0.02522478660045365,-0.023797052120789884,0.11370515972375869,0.0599360824288402,0.08832365017423874,0.42048917922079576,1000
qwen_base,last_token_hs,5,True,False,0.03154274565593566,-0.030168090807273985,0.12540463358163828,0.07681659661700777,0.11507564155470133,0.42048917922079576,1000
qwen_base,last_token_hs,6,True,False,0.06011814961909935,-0.0056994353421032425,0.16104542799293994,0.11729650566199668,0.15071617224073253,0.42048917922079576,1000
qwen_base,last_token_hs,7,True,False,0.10075293490133197,0.029448217898607253,0.19747836999595164,0.1505864486264283,0.14295846489471828,0.42048917922079576,1000
qwen_base,last_token_hs,8,True,False,0.11017702013077714,0.04565185466781259,0.19919427819550037,0.17170744306568578,0.17425783857889188,0.42048917922079576,1000
qwen_base,last_token_hs,9,True,False,0.12321652547266276,0.053732771705836055,0.20500012822449207,0.19826807350829803,0.2116755428571888,0.42048917922079576,1000
qwen_base,last_token_hs,10,True,False,0.1463269986093592,0.06569538414478301,0.22750521861016748,0.2255290117022123,0.22900726138766375,0.42048917922079576,1000
qwen_base,last_token_hs,11,True,False,0.12687890098958862,0.048335622344166045,0.20854148790240284,0.2024762929750431,0.21410506860670567,0.42048917922079576,1000
qwen_base,last_token_hs,12,True,False,0.19784866728911957,0.09202446974813938,0.2723408833146094,0.2868594891514456,0.2713152084213237,0.42048917922079576,1000
qwen_base,last_token_hs,13,True,False,0.2473080407567641,0.1209912110120058,0.322321467846632,0.3470261449662837,0.3196698527702845,0.42048917922079576,1000
qwen_base,last_token_hs,14,True,False,0.25212168130718754,0.1134453721344471,0.33407192379236217,0.36621602766416755,0.3643051828994269,0.42048917922079576,1000
qwen_base,last_token_hs,15,True,False,0.26000287582519516,0.12410299610346556,0.3459389336407184,0.37076636984084066,0.3578980379440333,0.42048917922079576,1000
qwen_base,last_token_hs,16,True,False,0.2998943174427258,0.16155338063836097,0.3883339107036589,0.40617197864961335,0.363002384276772,0.42048917922079576,1000
qwen_base,last_token_hs,17,True,False,0.2955800550200484,0.14842389672994613,0.39158358126878734,0.4029504126229433,0.3643505957515053,0.42048917922079576,1000
qwen_base,last_token_hs,18,True,False,0.29953664599046914,0.1490366917103529,0.39212102219462397,0.4048334611167544,0.35971478700651977,0.42048917922079576,1000
qwen_base,last_token_hs,19,True,False,0.28656431754868755,0.1359543778002262,0.3828215517103672,0.39406361219618574,0.36037720617400837,0.42048917922079576,1000
qwen_base,last_token_hs,20,True,False,0.2810548026020671,0.11716538462787866,0.4031964085996151,0.38632959341761475,0.3508825438073402,0.42048917922079576,1000
qwen_base,last_token_hs,21,True,False,0.2850541999049239,0.11482995450496675,0.41001146435737607,0.39483336045049944,0.3667856744341875,0.42048917922079576,1000
qwen_base,last_token_hs,22,True,False,0.2616700056063725,0.09761249925941229,0.38753270804882045,0.36902650369446616,0.3483710298912322,0.42048917922079576,1000
qwen_base,last_token_hs,23,True,False,0.2522033571421927,0.08539038002490998,0.38334776684641836,0.35184571062750103,0.3214512436235956,0.42048917922079576,1000
qwen_base,last_token_hs,24,True,False,0.2680933761853488,0.08774589654058218,0.3989402294158935,0.3647288276705021,0.31917862941668396,0.42048917922079576,1000
qwen_base,last_token_hs,25,True,False,0.2523111967577493,0.07774754967540502,0.38408617377281185,0.3476785255914762,0.3090837360369316,0.42048917922079576,1000
qwen_base,last_token_hs,26,True,False,0.24231591488456572,0.07021363340318203,0.3745645329356193,0.3350683270019457,0.29771220699504475,0.42048917922079576,1000
qwen_base,last_token_hs,27,True,False,0.23565288020984848,0.0755285918712616,0.3598574943840503,0.32711204664009197,0.2915496508129497,0.42048917922079576,1000
qwen_base,last_token_hs,28,True,False,0.14589077398189268,0.021768592065200213,0.2953861810266971,0.2044481755912361,0.17635774919200067,0.42048917922079576,1000
qwen_base,mean_pool_hs,0,True,False,0.067122107588295,-0.0028782517591025678,0.13691994547843933,0.14598344646084344,0.20543370651280748,0.42048917922079576,1000
qwen_base,mean_pool_hs,1,True,False,0.1453770995501728,0.05629116585478187,0.19766879118978978,0.25247015729181826,0.3013157514359944,0.42048917922079576,1000
qwen_base,mean_pool_hs,2,True,False,0.11416173205139389,0.01865771869197488,0.1836484652012586,0.2270385800532109,0.30537697382271245,0.42048917922079576,1000
qwen_base,mean_pool_hs,3,True,False,0.12264088891113291,0.022605262463912368,0.18923165313899515,0.23490400007151668,0.30678006741489683,0.42048917922079576,1000
qwen_base,mean_pool_hs,4,True,False,0.08376723838246802,0.03940769070759416,0.18029838018119332,0.08893648573307752,0.03084703224321773,0.42048917922079576,1000
qwen_base,mean_pool_hs,5,True,False,0.08970742347684477,0.04495659274980426,0.18382093720138068,0.10836577512997478,0.06455389308692903,0.42048917922079576,1000
qwen_base,mean_pool_hs,6,True,False,0.09771381281745466,0.04894056161865592,0.19126498028635977,0.12105781983674994,0.07769596682981962,0.42048917922079576,1000
qwen_base,mean_pool_hs,7,True,False,0.11818731276865092,0.058487741742283106,0.20695723593235013,0.15653277198896706,0.11906244969006996,0.42048917922079576,1000
qwen_base,mean_pool_hs,8,True,False,0.13922577143569315,0.06993268169462681,0.22200475968420505,0.19593846621346628,0.16993679086284016,0.42048917922079576,1000
qwen_base,mean_pool_hs,9,True,False,0.16352314991285843,0.08450208008289337,0.24244960956275458,0.24332019078517192,0.2357696209229575,0.42048917922079576,1000
qwen_base,mean_pool_hs,10,True,False,0.1682369153047794,0.08498904500156641,0.25695376172661777,0.24737698751020776,0.23551035212367386,0.42048917922079576,1000
qwen_base,mean_pool_hs,11,True,False,0.16382834377698266,0.07997938897460699,0.25779438093304635,0.2498270932275781,0.25205192165652285,0.42048917922079576,1000
qwen_base,mean_pool_hs,12,True,False,0.1857895742820428,0.09496890772134066,0.27792373299598694,0.27888493359761396,0.27818085909503204,0.42048917922079576,1000
qwen_base,mean_pool_hs,13,True,False,0.1955318475806275,0.10010148007422685,0.290836089849472,0.28962070884357816,0.28427456632627746,0.42048917922079576,1000
qwen_base,mean_pool_hs,14,True,False,0.20892568883214935,0.11091277617961169,0.3053576104342937,0.31356900773361907,0.3183796677064194,0.42048917922079576,1000
qwen_base,mean_pool_hs,15,True,False,0.2011263455760006,0.10346928332000971,0.2950643606483936,0.30931359743407805,0.32522182128354565,0.42048917922079576,1000
qwen_base,mean_pool_hs,16,True,False,0.20810564182484584,0.10398967675864697,0.30392103791236874,0.3233749311472667,0.34809374699222567,0.42048917922079576,1000
qwen_base,mean_pool_hs,17,True,False,0.22050291251390763,0.1053913464769721,0.3198228321969509,0.3384418672804711,0.36121725341609584,0.42048917922079576,1000
qwen_base,mean_pool_hs,18,True,False,0.22431473751664055,0.10891372710466385,0.31954856887459754,0.3420931220740477,0.3624656037375569,0.42048917922079576,1000
qwen_base,mean_pool_hs,19,True,False,0.2320937467722793,0.11208424400538207,0.33015989139676094,0.35276862026571815,0.3746244743921509,0.42048917922079576,1000
qwen_base,mean_pool_hs,20,True,False,0.24054900752922304,0.10773866046220065,0.33947610557079316,0.3645300025987979,0.38869549572713236,0.42048917922079576,1000
qwen_base,mean_pool_hs,21,True,False,0.24835521125557863,0.10678186751902104,0.3566196419298649,0.37490063823461106,0.400573516583838,0.42048917922079576,1000
qwen_base,mean_pool_hs,22,True,False,0.24964983129049867,0.10567562095820904,0.3573335699737072,0.378539863840762,0.4085757632338131,0.42048917922079576,1000
qwen_base,mean_pool_hs,23,True,False,0.24008754264968846,0.09956292752176524,0.3467792384326458,0.3681609866697076,0.40098392657736154,0.42048917922079576,1000
qwen_base,mean_pool_hs,24,True,False,0.2393228311463949,0.10257781948894262,0.33803455233573915,0.3622489287892751,0.3848825228447083,0.42048917922079576,1000
qwen_base,mean_pool_hs,25,True,False,0.21780853359424282,0.08416896499693394,0.31982591524720194,0.3410309787514975,0.37544504703250914,0.42048917922079576,1000
qwen_base,mean_pool_hs,26,True,False,0.21310833648041305,0.07724373284727334,0.32051137462258333,0.33698771373635084,0.37517982954535795,0.42048917922079576,1000
qwen_base,mean_pool_hs,27,True,False,0.21798923356543934,0.08884509298950434,0.3295590907335281,0.339880721537529,0.3716245177087398,0.42048917922079576,1000
qwen_base,mean_pool_hs,28,True,False,0.16168445761674988,0.03699451852589846,0.31924312114715575,0.2383261978566999,0.22702271233144133,0.42048917922079576,1000
