model,pooling,layer,n_prompts,n_nan_at_layer,skipped,point,ci_lo,ci_hi,rho_mb,rho_ma,rho_ba,n_boot_valid
deepseek,last_token_hs,0,45,0,False,,,,,,0.42048917922079576,0
deepseek,last_token_hs,1,45,0,False,0.023491743722088416,-0.04583825450390577,0.17023551538586615,0.04292186330024978,0.05145458353919296,0.42048917922079576,1000
deepseek,last_token_hs,2,45,0,False,0.0060043851317083015,-0.04350616130977869,0.13165938071906566,0.046191619087742566,0.09695736325157343,0.42048917922079576,1000
deepseek,last_token_hs,3,45,0,False,-0.005523615886291142,-0.04531781272962689,0.11108856275677673,0.06603648062444618,0.16879419965576392,0.42048917922079576,1000
deepseek,last_token_hs,4,45,0,False,0.007986341841121476,-0.03633425896987319,0.113628863543272,0.06757384210235684,0.1436493669217112,0.42048917922079576,1000
deepseek,last_token_hs,5,45,0,False,0.0261837308559777,-0.01463306553196162,0.11739973258227109,0.06152642030013755,0.09005346924291847,0.42048917922079576,1000
deepseek,last_token_hs,6,45,0,False,0.09464192202085059,0.037271559517830614,0.1903843205422163,0.11353517911256587,0.06624526211282243,0.42048917922079576,1000
deepseek,last_token_hs,7,45,0,False,0.0846686642078144,0.03260841825976968,0.1716374561190605,0.09930189925496914,0.0537307440216228,0.42048917922079576,1000
deepseek,last_token_hs,8,45,0,False,0.05934099273039779,0.00960231253411621,0.15131023898720738,0.07274553830102504,0.04509120258349661,0.42048917922079576,1000
deepseek,last_token_hs,9,45,0,False,0.07351293263472986,0.03136314260773361,0.16870321668684476,0.08433908265772262,0.042094059329257,0.42048917922079576,1000
deepseek,last_token_hs,10,45,0,False,0.07839406257759976,0.023517502238973975,0.17668930292129517,0.09898960570524949,0.0666389762048466,0.42048917922079576,1000
deepseek,last_token_hs,11,45,0,False,0.10579944751463786,0.03946924675256014,0.20125229358673094,0.12512426300979104,0.069840267125273,0.42048917922079576,1000
deepseek,last_token_hs,12,45,0,False,0.14024497020758575,0.028083008201792835,0.26663134992122645,0.1852789516363928,0.14104293924027161,0.42048917922079576,1000
deepseek,last_token_hs,13,45,0,False,0.17087163326743526,0.06494065821170807,0.3046852484345436,0.20330590991929168,0.11735313566189835,0.42048917922079576,1000
deepseek,last_token_hs,14,45,0,False,0.22159952492175816,0.0953175351023674,0.35917996466159813,0.3007545960279969,0.2526066089736699,0.42048917922079576,1000
deepseek,last_token_hs,15,45,0,False,0.24257880772888699,0.12480822317302227,0.36942494958639144,0.3178185008262689,0.24888360303516527,0.42048917922079576,1000
deepseek,last_token_hs,16,45,0,False,0.24372039572553922,0.13463819213211536,0.3414846114814281,0.32476419288322855,0.26531494793027555,0.42048917922079576,1000
deepseek,last_token_hs,17,45,0,False,0.18111328419612205,0.09174209088087082,0.29243747666478154,0.22671742623437316,0.1529839456230566,0.42048917922079576,1000
deepseek,last_token_hs,18,45,0,False,0.18001751574146257,0.09927615653723479,0.29121109023690217,0.20848447735060058,0.10973254495286454,0.42048917922079576,1000
deepseek,last_token_hs,19,45,0,False,0.15156428108872935,0.08887671660631895,0.24941048957407472,0.1767572024784885,0.09480059636523423,0.42048917922079576,1000
deepseek,last_token_hs,20,45,0,False,0.1366769001068063,0.07658978588879109,0.23027365803718566,0.1435852830010876,0.046885968569594406,0.42048917922079576,1000
deepseek,last_token_hs,21,45,0,False,0.12528380897415767,0.06779531259089708,0.2098000820726156,0.13391265961389295,0.04845905640886556,0.42048917922079576,1000
deepseek,last_token_hs,22,45,0,False,0.08943586406761211,0.03697611195966601,0.1855906557291746,0.1153255694711998,0.08193665185998883,0.42048917922079576,1000
deepseek,last_token_hs,23,45,0,False,0.0734607846559379,0.017315064556896687,0.17883895598351957,0.09923465525722079,0.0779729580193615,0.42048917922079576,1000
deepseek,last_token_hs,24,45,0,False,0.060169627150005046,0.007668707170523704,0.16243128590285777,0.08747477026012329,0.0786035065659879,0.42048917922079576,1000
deepseek,last_token_hs,25,45,0,False,0.05658375256520536,0.008676927536725998,0.1531417980790138,0.07969056312951237,0.06770702560043494,0.42048917922079576,1000
deepseek,last_token_hs,26,45,0,False,0.048054407595700135,0.0033734060882125057,0.14549959041178226,0.06949290689215232,0.06177694436921586,0.42048917922079576,1000
deepseek,last_token_hs,27,45,0,False,0.05347382443699662,0.008367468370124698,0.1504773184657097,0.07417758525966177,0.061242922676920684,0.42048917922079576,1000
deepseek,last_token_hs,28,45,0,False,0.04556434825133571,0.0006876134357298729,0.1444800566881895,0.06611815577317948,0.05909780851761203,0.42048917922079576,1000
deepseek,last_token_hs,29,45,0,False,0.04505036239117399,-0.004910208005458115,0.14827352203428745,0.06405317806189727,0.055272715818326934,0.42048917922079576,1000
deepseek,last_token_hs,30,45,0,False,0.049838860972098234,-0.014116669329814611,0.17982887290418145,0.06123688996975137,0.038172612556424804,0.42048917922079576,1000
deepseek,mean_pool_hs,0,45,0,False,0.09826105234945173,0.050179672054946424,0.19998789392411703,0.07973864159903182,-0.02233382917068953,0.42048917922079576,1000
deepseek,mean_pool_hs,1,45,0,False,0.07889551269248167,0.019879831932485104,0.1887541215866804,0.08887313102730773,0.041267179603514885,0.42048917922079576,1000
deepseek,mean_pool_hs,2,45,0,False,0.07932719400085819,0.001756640311214142,0.25420672148466106,0.10027467422646442,0.06769835084823808,0.42048917922079576,1000
deepseek,mean_pool_hs,3,45,0,False,0.07857663314091232,0.0027653607889078567,0.25340910255908966,0.10084930941872988,0.0707162186625254,0.42048917922079576,1000
deepseek,mean_pool_hs,4,45,0,False,0.07792057970837914,0.009794812160544097,0.24686473943293094,0.09898702368236358,0.06766380448608758,0.42048917922079576,1000
deepseek,mean_pool_hs,5,45,0,False,0.07982606538794884,0.011279076593928041,0.24525605291128158,0.09860360138414936,0.06259286999077371,0.42048917922079576,1000
deepseek,mean_pool_hs,6,45,0,False,0.08137058950304983,0.012904508761130274,0.24596220254898069,0.09738438131526242,0.05630144480863948,0.42048917922079576,1000
deepseek,mean_pool_hs,7,45,0,False,0.08223979038197961,0.014416335453279317,0.24186943508684633,0.0935129011529198,0.04512110187016984,0.42048917922079576,1000
deepseek,mean_pool_hs,8,45,0,False,0.08517978630968218,0.023095224518328905,0.2411889810115099,0.09456796251409202,0.041262344741175225,0.42048917922079576,1000
deepseek,mean_pool_hs,9,45,0,False,0.09308244449435846,0.02821079660207033,0.2429520174860954,0.10086248936184322,0.03917783107473903,0.42048917922079576,1000
deepseek,mean_pool_hs,10,45,0,False,0.10537384748573336,0.042201763670891526,0.25046053230762483,0.11504537725695538,0.04647743912940891,0.42048917922079576,1000
deepseek,mean_pool_hs,11,45,0,False,0.11092946881660046,0.04911215780302882,0.256796270608902,0.12375012618645202,0.055312168983453425,0.42048917922079576,1000
deepseek,mean_pool_hs,12,45,0,False,0.11893917334911067,0.0536365931853652,0.26027963161468504,0.13639764237483243,0.06834116770487608,0.42048917922079576,1000
deepseek,mean_pool_hs,13,45,0,False,0.1283682567096451,0.06001611622050405,0.26452224552631376,0.14516933857574998,0.0689150499862474,0.42048917922079576,1000
deepseek,mean_pool_hs,14,45,0,False,0.12651175399219322,0.0634683495387435,0.25922385603189463,0.14548913203348557,0.07376658732423769,0.42048917922079576,1000
deepseek,mean_pool_hs,15,45,0,False,0.12641620066049147,0.07631760854274035,0.25413044467568396,0.14024006599931854,0.06125808578654823,0.42048917922079576,1000
deepseek,mean_pool_hs,16,45,0,False,0.1170450982692367,0.060079979710280895,0.24307986162602893,0.12635022697368137,0.04822731804160846,0.42048917922079576,1000
deepseek,mean_pool_hs,17,45,0,False,0.11110602572345724,0.06205784622579813,0.23613755218684668,0.11002226320074038,0.021975312784268983,0.42048917922079576,1000
deepseek,mean_pool_hs,18,45,0,False,0.1142113935704785,0.06508397571742534,0.24072779528796673,0.10903840106475007,0.012897602499146432,0.42048917922079576,1000
deepseek,mean_pool_hs,19,45,0,False,0.09262235214625274,0.04477519411593676,0.221342409029603,0.08409364975075119,0.00013702388239575144,0.42048917922079576,1000
deepseek,mean_pool_hs,20,45,0,False,0.07105663910304075,0.02348777600564063,0.20160968527197837,0.056946958117827275,-0.017865542375364155,0.42048917922079576,1000
deepseek,mean_pool_hs,21,45,0,False,0.07872637777873386,0.03409457262605429,0.20791368298232554,0.0547902336449451,-0.03943609654522532,0.42048917922079576,1000
deepseek,mean_pool_hs,22,45,0,False,0.07458552685652228,0.026058007124811412,0.20342113301157946,0.055174700090107096,-0.029648365820909385,0.42048917922079576,1000
deepseek,mean_pool_hs,23,45,0,False,0.0985088053653293,0.04566797250881791,0.23337603099644183,0.0717216572565092,-0.041801361624971285,0.42048917922079576,1000
deepseek,mean_pool_hs,24,45,0,False,0.10743855013706695,0.05111621832475066,0.23912986442446707,0.08086376299926597,-0.03933402905567341,0.42048917922079576,1000
deepseek,mean_pool_hs,25,45,0,False,0.13215832686612303,0.07748110610991717,0.25990099310874937,0.10385867007662386,-0.037960154118011645,0.42048917922079576,1000
deepseek,mean_pool_hs,26,45,0,False,0.14169510108693295,0.08571692984551191,0.267269828915596,0.11456829144160892,-0.033106334001447656,0.42048917922079576,1000
deepseek,mean_pool_hs,27,45,0,False,0.1523244578263469,0.09513299334794283,0.2802141137421131,0.12444034242310581,-0.032557317207805005,0.42048917922079576,1000
deepseek,mean_pool_hs,28,45,0,False,0.15485657253888102,0.0924670372158289,0.28231491446495044,0.13010146701215244,-0.024630591737257658,0.42048917922079576,1000
deepseek,mean_pool_hs,29,45,0,False,0.15782982115613295,0.0945347860455513,0.28540901243686667,0.13766357329780732,-0.01313395462843613,0.42048917922079576,1000
deepseek,mean_pool_hs,30,45,0,False,0.1699326105152276,0.07629654966294766,0.30804237052798267,0.19390167532541908,0.09616611116052722,0.42048917922079576,1000
deepseek_v2_lite,last_token_hs,0,45,0,False,,,,,,0.42048917922079576,0
deepseek_v2_lite,last_token_hs,1,45,0,False,-0.005461909377828825,-0.03754017744213343,0.09000989347696303,0.01811626005653333,0.05485129644318202,0.42048917922079576,1000
deepseek_v2_lite,last_token_hs,2,45,0,False,0.05231257554566183,-0.0006571229110704733,0.16370207294821734,0.09763596749732613,0.12013783642010681,0.42048917922079576,1000
deepseek_v2_lite,last_token_hs,3,45,0,False,0.07260958237623635,0.009751523192971949,0.1865271482616663,0.12613788369116372,0.144962717355713,0.42048917922079576,1000
deepseek_v2_lite,last_token_hs,4,45,0,False,0.0454955830721046,-0.015094631840474904,0.1406099896878004,0.09479567309681598,0.1280832765845308,0.42048917922079576,1000
deepseek_v2_lite,last_token_hs,5,45,0,False,0.036182417923759175,-0.0385266768746078,0.1353704735636711,0.07112221682121805,0.09139687882606688,0.42048917922079576,1000
deepseek_v2_lite,last_token_hs,6,45,0,False,0.04211006999014398,-0.007054836896713822,0.144181402400136,0.07231735589482631,0.08142386507035257,0.42048917922079576,1000
deepseek_v2_lite,last_token_hs,7,45,0,False,0.02533877744238909,-0.01471027231309563,0.11100045721977948,0.04019169674202671,0.040955095973932064,0.42048917922079576,1000
deepseek_v2_lite,last_token_hs,8,45,0,False,0.028925563918629715,-0.018051626347005367,0.12927520610392093,0.04041962902199654,0.0337475618457083,0.42048917922079576,1000
deepseek_v2_lite,last_token_hs,9,45,0,False,0.022782264400272322,-0.027581198327243327,0.1328651741147041,0.034862405614023505,0.03377948801523359,0.42048917922079576,1000
deepseek_v2_lite,last_token_hs,10,45,0,False,0.04757549791537568,-0.0031928516982588913,0.1650455716997385,0.06503260574806381,0.05214449733850325,0.42048917922079576,1000
deepseek_v2_lite,last_token_hs,11,45,0,False,0.07120378419008908,0.010308816493488849,0.19097726792097092,0.09148245807734455,0.06424156842288073,0.42048917922079576,1000
deepseek_v2_lite,last_token_hs,12,45,0,False,0.0721764860945798,0.014562688255682589,0.19900715015828604,0.09421884577224703,0.06870098187669167,0.42048917922079576,1000
deepseek_v2_lite,last_token_hs,13,45,0,False,0.06615470278410907,0.013688058662228287,0.19581510089337825,0.07935787920384879,0.046136248530911396,0.42048917922079576,1000
deepseek_v2_lite,last_token_hs,14,45,0,False,0.05624310989463401,0.007425167853944005,0.19101848304271696,0.06029747869903566,0.022071134619764912,0.42048917922079576,1000
deepseek_v2_lite,last_token_hs,15,45,0,False,0.038252336470537204,-0.011484491406008601,0.17156085185706607,0.03819263564010425,0.008294097217495367,0.42048917922079576,1000
deepseek_v2_lite,last_token_hs,16,45,0,False,0.038021393753582725,-0.006632716720923781,0.16875145994126795,0.036789885387539335,0.005454792182867612,0.42048917922079576,1000
deepseek_v2_lite,last_token_hs,17,45,0,False,0.022206752852045757,-0.02040462209843099,0.14348422326147556,0.021983571337131896,0.004365464997707251,0.42048917922079576,1000
deepseek_v2_lite,last_token_hs,18,45,0,False,0.011289015279155948,-0.025573626207187772,0.12679933793842788,0.010296350478379583,0.0001280761158978656,0.42048917922079576,1000
deepseek_v2_lite,last_token_hs,19,45,0,False,0.001758303071852076,-0.036624318547546865,0.11677212584763763,-0.003130490237834192,-0.011238561645612363,0.42048917922079576,1000
deepseek_v2_lite,last_token_hs,20,45,0,False,-0.008760774363524793,-0.045355106610804795,0.09231936931610105,-0.0070661883903182605,0.002098563518949906,0.42048917922079576,1000
deepseek_v2_lite,last_token_hs,21,45,0,False,-0.019423116947168542,-0.0600772688165307,0.08843884486705063,-0.011435915939119532,0.014708402833888115,0.42048917922079576,1000
deepseek_v2_lite,last_token_hs,22,45,0,False,-0.02295592095348651,-0.06502449084073304,0.08733152039349078,-0.015204809697887088,0.013368191984861591,0.42048917922079576,1000
deepseek_v2_lite,last_token_hs,23,45,0,False,-0.020925743978621264,-0.06279006320983171,0.08672765605151653,-0.01798306083288341,0.0023847498151624573,0.42048917922079576,1000
deepseek_v2_lite,last_token_hs,24,45,0,False,-0.04784701985407528,-0.08633175175637006,0.06164195444434877,-0.0388951089621476,0.010734815412230361,0.42048917922079576,1000
deepseek_v2_lite,last_token_hs,25,45,0,False,-0.06497201088603274,-0.09780562911182641,0.045865468960255375,-0.04777219514677959,0.0265310056649503,0.42048917922079576,1000
deepseek_v2_lite,last_token_hs,26,45,0,False,-0.06678043916488871,-0.09620428811758756,0.04178515151143073,-0.05047109391212509,0.024022378518602894,0.42048917922079576,1000
deepseek_v2_lite,last_token_hs,27,45,0,False,-0.0420459933483028,-0.07809929065406322,0.05935958828777071,-0.04665609218707237,-0.02025186268366725,0.42048917922079576,1000
deepseek_v2_lite,mean_pool_hs,0,45,0,False,0.07374009499654523,0.017646754300221803,0.17419065348803997,0.10995742471709127,0.10323859367700858,0.42048917922079576,1000
deepseek_v2_lite,mean_pool_hs,1,45,0,False,0.056465479467789084,-0.010918512986972927,0.1692170064896345,0.10554469514199356,0.13020508410606757,0.42048917922079576,1000
deepseek_v2_lite,mean_pool_hs,2,45,0,False,0.060534879698467416,-0.00725520335836336,0.17924076244235038,0.1119822038326593,0.13692711418709533,0.42048917922079576,1000
deepseek_v2_lite,mean_pool_hs,3,45,0,False,0.02625455146956001,-0.012727076769806445,0.14877847284078596,0.045451064927643614,0.0515162001245842,0.42048917922079576,1000
deepseek_v2_lite,mean_pool_hs,4,45,0,False,0.029377270261147573,0.001532115883310326,0.13457629978656765,0.027369230781216555,0.0017012183838230053,0.42048917922079576,1000
deepseek_v2_lite,mean_pool_hs,5,45,0,False,0.023617010527624497,-0.0037583780067507173,0.1559790190309286,0.018290003353321573,-0.0074604920654166434,0.42048917922079576,1000
deepseek_v2_lite,mean_pool_hs,6,45,0,False,0.04321120172191024,0.008395283087156714,0.17944117672741408,0.03474696043960687,-0.010597788654703408,0.42048917922079576,1000
deepseek_v2_lite,mean_pool_hs,7,45,0,False,0.042456914786498996,0.00815974532160908,0.17165668047964572,0.03278777312460339,-0.013626285018991244,0.42048917922079576,1000
deepseek_v2_lite,mean_pool_hs,8,45,0,False,0.05527284036748718,0.014957534288987518,0.18301117233932016,0.050992598526304854,0.00200667867224695,0.42048917922079576,1000
deepseek_v2_lite,mean_pool_hs,9,45,0,False,0.06840669275916399,0.027827270841225986,0.18454014211893077,0.06255220800296171,0.0011582335294140764,0.42048917922079576,1000
deepseek_v2_lite,mean_pool_hs,10,45,0,False,0.08251456380136699,0.0428706131875515,0.19979950934648513,0.0811415532048043,0.014946053327225145,0.42048917922079576,1000
deepseek_v2_lite,mean_pool_hs,11,45,0,False,0.07782234720920633,0.041188965644687416,0.19033554382622236,0.0779114973431327,0.01739439457132441,0.42048917922079576,1000
deepseek_v2_lite,mean_pool_hs,12,45,0,False,0.07761223554836277,0.04408635683357716,0.18644154854118822,0.08762364277006315,0.0410608378105163,0.42048917922079576,1000
deepseek_v2_lite,mean_pool_hs,13,45,0,False,0.0843481930256668,0.04481438659131527,0.20506093502044678,0.08612524702780947,0.022869442812189354,0.42048917922079576,1000
deepseek_v2_lite,mean_pool_hs,14,45,0,False,0.05105479430258904,0.014844786771573127,0.1649741157889366,0.06553233703541221,0.045801557258280806,0.42048917922079576,1000
deepseek_v2_lite,mean_pool_hs,15,45,0,False,0.05094081236447568,0.01361634295899421,0.1663422729820013,0.060121832924473796,0.03312504385767524,0.42048917922079576,1000
deepseek_v2_lite,mean_pool_hs,16,45,0,False,0.04702730369548776,0.0016344328003469856,0.1729248959571123,0.05567676484941775,0.030986519663542825,0.42048917922079576,1000
deepseek_v2_lite,mean_pool_hs,17,45,0,False,0.035310143797909824,-0.0009034999078721739,0.15126537382602687,0.034465040418628495,0.005776052960395537,0.42048917922079576,1000
deepseek_v2_lite,mean_pool_hs,18,45,0,False,0.041795819456252305,0.0012899814435513694,0.15832767300307748,0.03797632631178442,0.0001309948283014246,0.42048917922079576,1000
deepseek_v2_lite,mean_pool_hs,19,45,0,False,0.055785789948538354,0.0209326614625752,0.17260096296668043,0.049581850933401145,-0.002455015053520892,0.42048917922079576,1000
deepseek_v2_lite,mean_pool_hs,20,45,0,False,0.05677936285298238,0.017642233055084944,0.1721440330147743,0.04733323437737493,-0.009940796051174186,0.42048917922079576,1000
deepseek_v2_lite,mean_pool_hs,21,45,0,False,0.06032550412430839,0.020329578313976526,0.17592294923961158,0.04959944340599847,-0.01219928174968907,0.42048917922079576,1000
deepseek_v2_lite,mean_pool_hs,22,45,0,False,0.06927102656863278,0.02205640901811421,0.18960479609668254,0.057198143480378,-0.01342632497287071,0.42048917922079576,1000
deepseek_v2_lite,mean_pool_hs,23,45,0,False,0.07852296556030502,0.027764838421717286,0.20025139153003693,0.06354578401911234,-0.018278729179669124,0.42048917922079576,1000
deepseek_v2_lite,mean_pool_hs,24,45,0,False,0.08940854720988262,0.0394378986209631,0.2008104994893074,0.06906025562833847,-0.028601718647697994,0.42048917922079576,1000
deepseek_v2_lite,mean_pool_hs,25,45,0,False,0.09067033405912657,0.02971405889838934,0.20517653450369835,0.07012471461788923,-0.028790647613893328,0.42048917922079576,1000
deepseek_v2_lite,mean_pool_hs,26,45,0,False,0.11903076387061282,0.03503477005288005,0.2574256055057048,0.10955737029299631,0.0037142320957070673,0.42048917922079576,1000
deepseek_v2_lite,mean_pool_hs,27,45,0,False,0.024235082553641353,-0.04947619261220097,0.1566173542290926,0.09122292143573636,0.16537225608886236,0.42048917922079576,1000
llama,last_token_hs,0,45,0,False,,,,,,0.42048917922079576,0
llama,last_token_hs,1,45,0,False,-0.017919975439560046,-0.041858055349439385,0.08948598429560657,0.0032797907426265517,0.04642452505756159,0.42048917922079576,1000
llama,last_token_hs,2,45,0,False,0.00510434734685713,-0.02508812737651169,0.11411720141768453,0.04476773495075843,0.09550243670654063,0.42048917922079576,1000
llama,last_token_hs,3,45,0,False,0.03329082417867288,0.0014608579833293347,0.12609657905995844,0.06945889178240577,0.0936694923243221,0.42048917922079576,1000
llama,last_token_hs,4,45,0,False,0.07105614330616328,0.008026011812034994,0.17965943068265913,0.10406620302172088,0.09486060296524963,0.42048917922079576,1000
llama,last_token_hs,5,45,0,False,0.07571350229079146,0.018112108996137976,0.1766419116407633,0.09466206679668085,0.06207020478812548,0.42048917922079576,1000
llama,last_token_hs,6,45,0,False,0.10165514884687459,0.031231693364679815,0.20742041058838365,0.12361438490499062,0.07525631223339313,0.42048917922079576,1000
llama,last_token_hs,7,45,0,False,0.08609397287205188,0.01671879249624908,0.18807113170623774,0.12111740118990696,0.1032658144994005,0.42048917922079576,1000
llama,last_token_hs,8,45,0,False,0.11457935101004608,0.04541528420522809,0.2163493555039167,0.16180818414698225,0.14001468726092106,0.42048917922079576,1000
llama,last_token_hs,9,45,0,False,0.18798193334267083,0.08537073507905006,0.2986323110759258,0.3049114110842438,0.3443258654111844,0.42048917922079576,1000
llama,last_token_hs,10,45,0,False,0.2163005883523005,0.11408677157014609,0.34232255443930626,0.3278390413971312,0.34090196374071297,0.42048917922079576,1000
llama,last_token_hs,11,45,0,False,0.20757345869028726,0.09643547274172307,0.3257247798144817,0.2996085471307316,0.28294026785525495,0.42048917922079576,1000
llama,last_token_hs,12,45,0,False,0.2630939238487049,0.14275336787104606,0.39938890039920805,0.3561915294300444,0.3067788563646267,0.42048917922079576,1000
llama,last_token_hs,13,45,0,False,0.30160732697814535,0.1693247627466917,0.43862565606832504,0.40538752492889746,0.3559163581094019,0.42048917922079576,1000
llama,last_token_hs,14,45,0,False,0.3511531796952792,0.2326257161796093,0.48534931540489196,0.4563931614432991,0.3866125645254081,0.42048917922079576,1000
llama,last_token_hs,15,45,0,False,0.38494895845687327,0.2548938177525997,0.5219286918640137,0.47361355852476017,0.3474876734004639,0.42048917922079576,1000
llama,last_token_hs,16,45,0,False,0.3400626932955743,0.23550804778933526,0.46953839361667626,0.43475002192311657,0.34528210259428066,0.42048917922079576,1000
llama,last_token_hs,17,45,0,False,0.3196791586387438,0.21209577806293964,0.4492860987782478,0.40982039429169026,0.32146139720517414,0.42048917922079576,1000
llama,last_token_hs,18,45,0,False,0.29400507167501266,0.19068589583039283,0.41849473789334296,0.36692474514332785,0.2600613236135401,0.42048917922079576,1000
llama,last_token_hs,19,45,0,False,0.23749392333430555,0.1338339179754257,0.3750422306358814,0.3085972778041717,0.23592058352027515,0.42048917922079576,1000
llama,last_token_hs,20,45,0,False,0.23681747059994881,0.1274761412292719,0.36252030581235883,0.3052838765034981,0.2285611963689382,0.42048917922079576,1000
llama,last_token_hs,21,45,0,False,0.22659365660857264,0.11818042155355216,0.3495831906795501,0.30214923240187536,0.24447693006546597,0.42048917922079576,1000
llama,last_token_hs,22,45,0,False,0.1932086735463744,0.0853324856609106,0.3084347404539585,0.2856939266681086,0.279109781952454,0.42048917922079576,1000
llama,last_token_hs,23,45,0,False,0.1914111798530333,0.09287179969251155,0.3084041848778724,0.264279398690281,0.22619774928735553,0.42048917922079576,1000
llama,last_token_hs,24,45,0,False,0.18752824748171246,0.05919358506798744,0.29998639076948164,0.3169867513611722,0.3794867661328091,0.42048917922079576,1000
llama,last_token_hs,25,45,0,False,0.184304784326075,0.030411542113870385,0.29528601914644237,0.3323021297362741,0.4315304648461471,0.42048917922079576,1000
llama,last_token_hs,26,45,0,False,0.1836191863502227,0.04935182686895132,0.2970187239348888,0.3117157203392899,0.37384633407627005,0.42048917922079576,1000
llama,last_token_hs,27,45,0,False,0.17665653323257932,0.04265456423163414,0.2916380986571312,0.30598777291128654,0.3742150166833796,0.42048917922079576,1000
llama,last_token_hs,28,45,0,False,0.1760405423875494,0.051294301543384796,0.2951181411743164,0.28985756815140123,0.33088437436381657,0.42048917922079576,1000
llama,last_token_hs,29,45,0,False,0.18415422344146587,0.049229498300701384,0.3102648541331291,0.29615209458549585,0.32908276705627787,0.42048917922079576,1000
llama,last_token_hs,30,45,0,False,0.1895928031945026,0.0675344528630376,0.31311265453696246,0.2879749324169049,0.2938265760227623,0.42048917922079576,1000
llama,last_token_hs,31,45,0,False,0.19532828600216148,0.07672734297811985,0.3166410535573959,0.27631885240234555,0.24894135153384472,0.42048917922079576,1000
llama,last_token_hs,32,45,0,False,0.18341595017431328,0.06846888158470392,0.2902649916708469,0.26613532189092604,0.24969403987543992,0.42048917922079576,1000
llama,mean_pool_hs,0,45,0,False,0.058089062365157006,0.015328734158538282,0.15375115759670732,0.057525427183465025,0.01147433250945243,0.42048917922079576,1000
llama,mean_pool_hs,1,45,0,False,0.047497589357421,0.010801440896466374,0.14514621160924432,0.0495072248536134,0.01526269467947121,0.42048917922079576,1000
llama,mean_pool_hs,2,45,0,False,0.019399490643416843,-0.007454345654696225,0.11725139655172817,0.023093980715295354,0.013066621526721113,0.42048917922079576,1000
llama,mean_pool_hs,3,45,0,False,0.039335898315235755,0.010354568134061992,0.14382574558258054,0.030641790456773402,-0.011997942500760727,0.42048917922079576,1000
llama,mean_pool_hs,4,45,0,False,0.07354965222372051,0.02750674095004797,0.1851598173379898,0.05164350894787838,-0.03578018677681746,0.42048917922079576,1000
llama,mean_pool_hs,5,45,0,False,0.05303195611899622,0.013199125532992184,0.16688644625246524,0.028992575330326228,-0.045360648820057456,0.42048917922079576,1000
llama,mean_pool_hs,6,45,0,False,0.056315505400660715,0.004253256029915065,0.1754916541278362,0.03577016611524714,-0.03636469140998645,0.42048917922079576,1000
llama,mean_pool_hs,7,45,0,False,0.08063859632530285,0.02665457292459905,0.20443314127624032,0.06958396433953185,-0.008505784013083832,0.42048917922079576,1000
llama,mean_pool_hs,8,45,0,False,0.09964208701058146,0.0449398142285645,0.21776110269129267,0.10086313913184564,0.024938177462788515,0.42048917922079576,1000
llama,mean_pool_hs,9,45,0,False,0.10532546530702595,0.05395860616117716,0.21467042528092858,0.11372833201231136,0.043418266518919016,0.42048917922079576,1000
llama,mean_pool_hs,10,45,0,False,0.11607303713646791,0.057907015550881624,0.23320861645042895,0.13343340176128388,0.06744626848565083,0.42048917922079576,1000
llama,mean_pool_hs,11,45,0,False,0.15293707540180732,0.08352849371731282,0.2730795621871948,0.17204928377590822,0.08023320194564455,0.42048917922079576,1000
llama,mean_pool_hs,12,45,0,False,0.15746409877646783,0.0867671623826027,0.28019304051995275,0.18439851792096668,0.10048987855161196,0.42048917922079576,1000
llama,mean_pool_hs,13,45,0,False,0.1573245785312116,0.0931323666125536,0.2748120591044426,0.17874619368633407,0.08691337963346354,0.42048917922079576,1000
llama,mean_pool_hs,14,45,0,False,0.14391239834218103,0.08947495184838772,0.25166672244668004,0.17179667795657574,0.09958489871985247,0.42048917922079576,1000
llama,mean_pool_hs,15,45,0,False,0.14620493311784657,0.08836088515818119,0.25447509959340087,0.17583724997403558,0.10442875265950292,0.42048917922079576,1000
llama,mean_pool_hs,16,45,0,False,0.10824082259051922,0.060543783195316794,0.21437408663332463,0.12072826984998705,0.05390006936374666,0.42048917922079576,1000
llama,mean_pool_hs,17,45,0,False,0.11604320514195399,0.06477075852453709,0.2244529142975807,0.1287104041359843,0.05610254182931085,0.42048917922079576,1000
llama,mean_pool_hs,18,45,0,False,0.08050240010921915,0.035171011276543145,0.1874992754310369,0.09745794568206592,0.05836734007742864,0.42048917922079576,1000
llama,mean_pool_hs,19,45,0,False,0.061029320593507415,0.015611153747886419,0.17043874524533748,0.07913847886191243,0.05673370807223807,0.42048917922079576,1000
llama,mean_pool_hs,20,45,0,False,0.060208320790160544,0.015675150975584983,0.17006250582635402,0.07595037604014354,0.05087946994987099,0.42048917922079576,1000
llama,mean_pool_hs,21,45,0,False,0.06205668425791559,0.014043991640210153,0.17278826385736465,0.07813077286960013,0.05209012499683629,0.42048917922079576,1000
llama,mean_pool_hs,22,45,0,False,0.03817998000535139,-0.010936853615567088,0.150215757638216,0.054980071669330215,0.0484677887959634,0.42048917922079576,1000
llama,mean_pool_hs,23,45,0,False,0.042916897397790046,-0.011754748015664517,0.15707262493669985,0.0519310650417469,0.030943281406213934,0.42048917922079576,1000
llama,mean_pool_hs,24,45,0,False,0.049746061014663806,-0.0051795707433484476,0.1590936530381441,0.0601048868918278,0.03567067076237341,0.42048917922079576,1000
llama,mean_pool_hs,25,45,0,False,0.04836363215027181,-0.004899595747701823,0.15582665167748924,0.05752896395905181,0.03251441522607367,0.42048917922079576,1000
llama,mean_pool_hs,26,45,0,False,0.054290068763718745,-0.0018986207083798935,0.1642313227057457,0.06314084684781204,0.03308185357890092,0.42048917922079576,1000
llama,mean_pool_hs,27,45,0,False,0.05468254503541499,0.00022163668036228131,0.1603932552039623,0.06224205795300972,0.030086812567039843,0.42048917922079576,1000
llama,mean_pool_hs,28,45,0,False,0.06686817479301084,0.012606559856794776,0.17287317737936972,0.06989587301522386,0.02197724813623341,0.42048917922079576,1000
llama,mean_pool_hs,29,45,0,False,0.07388957121525837,0.01844739429652691,0.1803079258650541,0.07639656626716737,0.022291650445490405,0.42048917922079576,1000
llama,mean_pool_hs,30,45,0,False,0.08101052802670827,0.024381014704704284,0.1811519641429186,0.08500711132549134,0.027430228453514695,0.42048917922079576,1000
llama,mean_pool_hs,31,45,0,False,0.07932705096713276,0.020456839771941304,0.18290006853640078,0.08186463001540557,0.023571088299679462,0.42048917922079576,1000
llama,mean_pool_hs,32,45,0,False,0.08662267068609521,0.004475934116635472,0.219818377867341,0.11078094747516805,0.07710636058227008,0.42048917922079576,1000
llama_base,last_token_hs,0,45,0,False,,,,,,0.42048917922079576,0
llama_base,last_token_hs,1,45,0,False,-0.07213653185000612,-0.09697863794863223,0.02358809052966534,-0.027290328053070058,0.09011570166984058,0.42048917922079576,1000
llama_base,last_token_hs,2,45,0,False,-0.05957124479940867,-0.08913566190749407,0.034127253573387854,-0.014493655447700388,0.09350629297899932,0.42048917922079576,1000
llama_base,last_token_hs,3,45,0,False,-0.02261563040465174,-0.054278986249119046,0.06351546794176101,0.01958941772425532,0.09516392391652953,0.42048917922079576,1000
llama_base,last_token_hs,4,45,0,False,0.01637270465561926,-0.022972031868994235,0.11838237419724464,0.03378462069906373,0.045054168461089596,0.42048917922079576,1000
llama_base,last_token_hs,5,45,0,False,0.024645183960744957,-0.02041343003511429,0.11771762184798715,0.031660767167677316,0.022130720437116017,0.42048917922079576,1000
llama_base,last_token_hs,6,45,0,False,0.03640132046982027,-0.020921231340616943,0.13474299460649486,0.04723357493220557,0.03383119584054388,0.42048917922079576,1000
llama_base,last_token_hs,7,45,0,False,0.04949019964650899,-0.005977465223986655,0.13859137296676635,0.08341982973671835,0.09205504811867027,0.42048917922079576,1000
llama_base,last_token_hs,8,45,0,False,0.05651567228240089,-0.010106193670071659,0.15960442721843718,0.12255424009286303,0.17131417800186974,0.42048917922079576,1000
llama_base,last_token_hs,9,45,0,False,0.08527586743040177,-0.015088062034919858,0.19754103943705556,0.18316230463611793,0.2578121684491551,0.42048917922079576,1000
llama_base,last_token_hs,10,45,0,False,0.09551174724369585,-0.014201251417398449,0.21338600516319273,0.20294524747621337,0.2851068146118536,0.42048917922079576,1000
llama_base,last_token_hs,11,45,0,False,0.11179038571668293,-0.016516764555126427,0.2334349192678928,0.23814902341103147,0.3394738509254492,0.42048917922079576,1000
llama_base,last_token_hs,12,45,0,False,0.10548657576313214,-0.03151246970519423,0.2352002914994955,0.23927723513696372,0.3563790942949579,0.42048917922079576,1000
llama_base,last_token_hs,13,45,0,False,0.10755999820889774,-0.03913190178573131,0.24507903866469852,0.22812339378501295,0.3228639766044661,0.42048917922079576,1000
llama_base,last_token_hs,14,45,0,False,0.10524009660810499,-0.05601524449884891,0.2666890628635883,0.23629631143920787,0.3491696061501765,0.42048917922079576,1000
llama_base,last_token_hs,15,45,0,False,0.09873313889164391,-0.0654189134016633,0.2753061018884182,0.2162822133438213,0.31195120146644434,0.42048917922079576,1000
llama_base,last_token_hs,16,45,0,False,0.08780578913980085,-0.07391684036701918,0.27948255911469455,0.18664168653249416,0.26097330860237467,0.42048917922079576,1000
llama_base,last_token_hs,17,45,0,False,0.08001021118422143,-0.09561537839472294,0.2709222242236136,0.18662532102144846,0.27799449573229573,0.42048917922079576,1000
llama_base,last_token_hs,18,45,0,False,0.07458188917362586,-0.09813077971339226,0.27060295715928073,0.1861692089693675,0.2886683710708631,0.42048917922079576,1000
llama_base,last_token_hs,19,45,0,False,0.06439962080236135,-0.0988277118653059,0.263659843802452,0.16505674068293458,0.2582940492684304,0.42048917922079576,1000
llama_base,last_token_hs,20,45,0,False,0.05974338728842273,-0.10684846080839634,0.2533113516867161,0.16462759924055043,0.2672954405008004,0.42048917922079576,1000
llama_base,last_token_hs,21,45,0,False,0.04431765499148357,-0.12148662265390157,0.22416484914720042,0.15517742305680157,0.27716144445148355,0.42048917922079576,1000
llama_base,last_token_hs,22,45,0,False,0.010567260145983583,-0.1407956440001726,0.17723428048193454,0.12774864711142223,0.2819333680793594,0.42048917922079576,1000
llama_base,last_token_hs,23,45,0,False,-0.0010306897789506585,-0.1492217741906643,0.17096766456961632,0.11825702813259438,0.2833695742610046,0.42048917922079576,1000
llama_base,last_token_hs,24,45,0,False,-0.008372115396234269,-0.15241445638239384,0.152665676549077,0.10774309373087654,0.27360808665370756,0.42048917922079576,1000
llama_base,last_token_hs,25,45,0,False,-0.012490776867136769,-0.1450473815202713,0.14664000570774077,0.09721732913743113,0.2572451137975641,0.42048917922079576,1000
llama_base,last_token_hs,26,45,0,False,-0.0036481633976700105,-0.13186454586684704,0.14980505034327504,0.09599472955856811,0.2359424544218121,0.42048917922079576,1000
llama_base,last_token_hs,27,45,0,False,-0.004956985561578057,-0.1301735483109951,0.14743837043642996,0.09018228783232667,0.2248917340354022,0.42048917922079576,1000
llama_base,last_token_hs,28,45,0,False,-0.0038020949232469917,-0.13161864653229713,0.1478846196085214,0.08992636712613714,0.2218607106078678,0.42048917922079576,1000
llama_base,last_token_hs,29,45,0,False,-0.00792401392022408,-0.13990994952619076,0.14653051532804964,0.09195046838187954,0.23529276124146642,0.42048917922079576,1000
llama_base,last_token_hs,30,45,0,False,-0.011182309558793815,-0.12395639400929212,0.1372392900288105,0.07820956456889262,0.20958900039380685,0.42048917922079576,1000
llama_base,last_token_hs,31,45,0,False,0.014302723103348552,-0.1260413322597742,0.16381352357566353,0.1222142582021493,0.2608550274157524,0.42048917922079576,1000
llama_base,last_token_hs,32,45,0,False,0.12025951962660993,-0.10788559522479772,0.33035439401864997,0.29034267846791273,0.4600983258741302,0.42048917922079576,1000
llama_base,mean_pool_hs,0,45,0,False,0.11837957209780253,0.06522960886359215,0.20251179002225392,0.14037259440170757,0.07920423153048897,0.42048917922079576,1000
llama_base,mean_pool_hs,1,45,0,False,0.07250581553511934,0.028085228335112334,0.17872846759855746,0.07589334381613855,0.02408642276021907,0.42048917922079576,1000
llama_base,mean_pool_hs,2,45,0,False,0.021630944782862635,-0.01480529154650867,0.1275433287024498,0.02140406168228296,0.00422967830886802,0.42048917922079576,1000
llama_base,mean_pool_hs,3,45,0,False,0.020298764120605797,-0.004613473557401448,0.1285549823194742,0.006762356026153807,-0.02770010873458501,0.42048917922079576,1000
llama_base,mean_pool_hs,4,45,0,False,0.0749171129873141,0.024801760632544755,0.20578642338514327,0.043087431214602144,-0.058899675466866454,0.42048917922079576,1000
llama_base,mean_pool_hs,5,45,0,False,0.0718802975696096,0.021678335731849074,0.21189883649349212,0.03514170279524595,-0.07113124499635028,0.42048917922079576,1000
llama_base,mean_pool_hs,6,45,0,False,0.08184132100056969,0.029442271729931236,0.22189809828996657,0.046176699747591234,-0.06638442944339605,0.42048917922079576,1000
llama_base,mean_pool_hs,7,45,0,False,0.0851834705092096,0.031823378149420024,0.22601158060133453,0.0567461090460196,-0.04863192248003629,0.42048917922079576,1000
llama_base,mean_pool_hs,8,45,0,False,0.09232586800420181,0.03392293583601713,0.23544142097234722,0.07296782930725024,-0.025617103568841178,0.42048917922079576,1000
llama_base,mean_pool_hs,9,45,0,False,0.11111860458029567,0.05464758891612291,0.24795356579124928,0.09518833325181097,-0.013366096010940595,0.42048917922079576,1000
llama_base,mean_pool_hs,10,45,0,False,0.11560766217554172,0.06408021580427885,0.2446886997669935,0.10409350883804391,-0.0018950591062146815,0.42048917922079576,1000
llama_base,mean_pool_hs,11,45,0,False,0.12147920004137232,0.07235861364752054,0.25128526985645294,0.11082766634733542,0.0014506945363728185,0.42048917922079576,1000
llama_base,mean_pool_hs,12,45,0,False,0.11558229049653818,0.05474525382742286,0.2514900833368301,0.11454473359710675,0.02308059427269962,0.42048917922079576,1000
llama_base,mean_pool_hs,13,45,0,False,0.1360940035616781,0.08114495202898979,0.27161826938390726,0.12958061115607114,0.014544764942862505,0.42048917922079576,1000
llama_base,mean_pool_hs,14,45,0,False,0.13035798345503216,0.07780757378786803,0.26175215318799017,0.1189830650457556,0.0016879247545634414,0.42048917922079576,1000
llama_base,mean_pool_hs,15,45,0,False,0.11384233346001515,0.05874175615608692,0.2518680229783058,0.09844350961362715,-0.011506889695263159,0.42048917922079576,1000
llama_base,mean_pool_hs,16,45,0,False,0.1135787051221117,0.064991988055408,0.24615938775241375,0.0818375088279369,-0.05013818873242133,0.42048917922079576,1000
llama_base,mean_pool_hs,17,45,0,False,0.11476561554335947,0.056390109844505786,0.2601373568177223,0.08895909536912866,-0.035911276815805616,0.42048917922079576,1000
llama_base,mean_pool_hs,18,45,0,False,0.09143751779008583,0.03921687770634889,0.2270409733057022,0.06929305030466426,-0.03240137160419042,0.42048917922079576,1000
llama_base,mean_pool_hs,19,45,0,False,0.08652914416327585,0.03245059056207538,0.23357383199036122,0.06621651321339181,-0.029151291544860274,0.42048917922079576,1000
llama_base,mean_pool_hs,20,45,0,False,0.09194159656866968,0.03577296696603298,0.23843433856964102,0.07313489560856613,-0.024396966679930323,0.42048917922079576,1000
llama_base,mean_pool_hs,21,45,0,False,0.09508769383997187,0.03855586461722851,0.23913157768547524,0.0745994165919386,-0.02768288072965196,0.42048917922079576,1000
llama_base,mean_pool_hs,22,45,0,False,0.08724009670173251,0.017306479252874853,0.24082788228988647,0.06925596563277814,-0.023484387028682042,0.42048917922079576,1000
llama_base,mean_pool_hs,23,45,0,False,0.08842137922493697,0.014192692423239351,0.25137474238872526,0.06693215649520277,-0.031516841185371056,0.42048917922079576,1000
llama_base,mean_pool_hs,24,45,0,False,0.10752034603729163,0.034922996535897255,0.26119606494903563,0.08970758647563418,-0.018617488571067906,0.42048917922079576,1000
llama_base,mean_pool_hs,25,45,0,False,0.10900123373054899,0.035640946682542564,0.2574077740311622,0.08947230335982238,-0.022353814852265282,0.42048917922079576,1000
llama_base,mean_pool_hs,26,45,0,False,0.11498254902845148,0.041374337393790483,0.26624675318598745,0.09654620087576664,-0.018453318274866914,0.42048917922079576,1000
llama_base,mean_pool_hs,27,45,0,False,0.12176464742470688,0.045510435663163665,0.26915080919861795,0.10601756250746272,-0.010590068096707731,0.42048917922079576,1000
llama_base,mean_pool_hs,28,45,0,False,0.1300379868314844,0.054413558542728425,0.27593605816364286,0.11414264929220906,-0.009121731608379981,0.42048917922079576,1000
llama_base,mean_pool_hs,29,45,0,False,0.13380517410400727,0.05598673354834319,0.2799253441393375,0.12290792075161276,0.003585333540980879,0.42048917922079576,1000
llama_base,mean_pool_hs,30,45,0,False,0.15665264328104203,0.0712083162739873,0.30079032629728314,0.15207418804624762,0.023743049828577924,0.42048917922079576,1000
llama_base,mean_pool_hs,31,45,0,False,0.15707996995923007,0.06659432277083396,0.30997420474886894,0.15902131753177864,0.0395119271006972,0.42048917922079576,1000
llama_base,mean_pool_hs,32,45,0,False,0.16661852547734016,0.045238946098834276,0.33987659513950336,0.2099174278856148,0.14342282120108646,0.42048917922079576,1000
mistral,last_token_hs,0,45,0,False,,,,,,0.42048917922079576,0
mistral,last_token_hs,1,45,0,False,0.17225424399291403,0.05631152391433716,0.326087000221014,0.1920880642353428,0.08653853083715549,0.42048917922079576,1000
mistral,last_token_hs,2,45,0,False,-0.02537927098906333,-0.08133939430117607,0.10416504349559541,0.037495619434942354,0.14336705689007853,0.42048917922079576,1000
mistral,last_token_hs,3,45,0,False,0.007794546749537282,-0.0397601617500186,0.1169634498655796,0.07555762167351808,0.1630965665898872,0.42048917922079576,1000
mistral,last_token_hs,4,45,0,False,0.030048615986330424,-0.015747356368228792,0.12935903668403625,0.0937226273902613,0.1588765599962428,0.42048917922079576,1000
mistral,last_token_hs,5,45,0,False,0.048454447232630565,-0.012886755936779081,0.15953116565942763,0.09166975838633713,0.11413959546554032,0.42048917922079576,1000
mistral,last_token_hs,6,45,0,False,0.041200639258941255,-0.012012212444096804,0.14152200371026993,0.0737949231061151,0.08693495929152736,0.42048917922079576,1000
mistral,last_token_hs,7,45,0,False,0.05117531434334623,-0.011504509462974965,0.16031393669545646,0.07705472253689584,0.07312384985722066,0.42048917922079576,1000
mistral,last_token_hs,8,45,0,False,0.060040111586612536,0.008777787326835096,0.16809742785990237,0.07541500351487805,0.049962738767237086,0.42048917922079576,1000
mistral,last_token_hs,9,45,0,False,0.06918974183536118,0.01944375769235194,0.1690542321652173,0.07647956608688712,0.03267002680959843,0.42048917922079576,1000
mistral,last_token_hs,10,45,0,False,0.09444975221814217,0.03116797246038914,0.20336808003485202,0.11167873033341748,0.06219085431966677,0.42048917922079576,1000
mistral,last_token_hs,11,45,0,False,0.13415430890954486,0.06924858540296555,0.23620132468640798,0.16732443127869862,0.11022451751704612,0.42048917922079576,1000
mistral,last_token_hs,12,45,0,False,0.26673047235483993,0.16410793103277682,0.37485505640506733,0.3412593472381458,0.2550871870797715,0.42048917922079576,1000
mistral,last_token_hs,13,45,0,False,0.2885221133511966,0.17638038620352745,0.4077420860528946,0.3654845914115155,0.2697100759796467,0.42048917922079576,1000
mistral,last_token_hs,14,45,0,False,0.3146101874347226,0.17981503792107106,0.44405778646469113,0.39597220447299825,0.2925535957301629,0.42048917922079576,1000
mistral,last_token_hs,15,45,0,False,0.3279552434405611,0.2044268950819969,0.4530539602041244,0.4096311421607435,0.2988900348254862,0.42048917922079576,1000
mistral,last_token_hs,16,45,0,False,0.35934171819562566,0.24432999417185783,0.4865090124309063,0.44059098903058064,0.31086248028067176,0.42048917922079576,1000
mistral,last_token_hs,17,45,0,False,0.3226741294619341,0.21371960006654261,0.4627197690308094,0.3939118244014892,0.2655513618955067,0.42048917922079576,1000
mistral,last_token_hs,18,45,0,False,0.3064003700733186,0.19619521275162696,0.4560085698962211,0.37238935829882536,0.24455945653232866,0.42048917922079576,1000
mistral,last_token_hs,19,45,0,False,0.25925745374725545,0.15250420346856117,0.39960093870759,0.30051660004222297,0.16273556409746734,0.42048917922079576,1000
mistral,last_token_hs,20,45,0,False,0.21673643174012458,0.12476041503250598,0.3428652845323086,0.2472689256385961,0.12400376869782512,0.42048917922079576,1000
mistral,last_token_hs,21,45,0,False,0.18719510758473756,0.10600336026400328,0.3041236691176891,0.20501317611865752,0.08510984991095674,0.42048917922079576,1000
mistral,last_token_hs,22,45,0,False,0.16839744434888917,0.09027090277522802,0.27578154280781747,0.17214709060930078,0.04643474637240573,0.42048917922079576,1000
mistral,last_token_hs,23,45,0,False,0.14850312077647734,0.07925022561103105,0.24274681769311426,0.1547160517667664,0.04788251601175601,0.42048917922079576,1000
mistral,last_token_hs,24,45,0,False,0.1474948848465471,0.08603203725069762,0.23151307888329029,0.14563905254623039,0.028230549498911163,0.42048917922079576,1000
mistral,last_token_hs,25,45,0,False,0.14479925541542968,0.08615044448524714,0.22314791083335875,0.1306381281295017,-0.001754337309214929,0.42048917922079576,1000
mistral,last_token_hs,26,45,0,False,0.1223468902418122,0.06479361299425364,0.20782947391271592,0.11710858380888543,0.014543274184392071,0.42048917922079576,1000
mistral,last_token_hs,27,45,0,False,0.12316760594882949,0.06516988687217236,0.20462242513895032,0.10987049260737794,-0.004466370079435698,0.42048917922079576,1000
mistral,last_token_hs,28,45,0,False,0.11895749858008588,0.06368166385218502,0.2070755925029516,0.10660823061576688,-0.0031417790911474714,0.42048917922079576,1000
mistral,last_token_hs,29,45,0,False,0.13529780294923616,0.07418726682662964,0.2237956553697586,0.12108411602652087,-0.003972233231726406,0.42048917922079576,1000
mistral,last_token_hs,30,45,0,False,0.13592585110266084,0.0737506402656436,0.2217584528028965,0.12216028989512975,-0.0027692255254809324,0.42048917922079576,1000
mistral,last_token_hs,31,45,0,False,0.11991166571529482,0.05350025501102209,0.21781436242163177,0.1083454125980839,-0.0010703866124594033,0.42048917922079576,1000
mistral,last_token_hs,32,45,0,False,0.09501977704306451,0.03146242960356176,0.19859236106276512,0.08683348972068353,0.0014801164025885203,0.42048917922079576,1000
mistral,mean_pool_hs,0,45,0,False,0.11270039166684304,0.05700902296230197,0.21700138971209526,0.11012891918576917,0.018773731175641597,0.42048917922079576,1000
mistral,mean_pool_hs,1,45,0,False,0.05120363595518731,0.01936617004685104,0.15984731465578078,0.046233219232281506,-0.0005320180029806761,0.42048917922079576,1000
mistral,mean_pool_hs,2,45,0,False,-0.012108130022502567,-0.03416702635586262,0.08723584711551664,-0.0037231513103510943,0.017267715434302333,0.42048917922079576,1000
mistral,mean_pool_hs,3,45,0,False,0.02517414383312096,-0.015916300378739832,0.13550073280930514,0.024316828730676907,0.0035114588293913796,0.42048917922079576,1000
mistral,mean_pool_hs,4,45,0,False,0.0390709376516627,-0.01786930300295353,0.16167333610355852,0.020659787877247645,-0.03511935956371986,0.42048917922079576,1000
mistral,mean_pool_hs,5,45,0,False,0.04879931457628026,-0.01366354317869991,0.1872655242681503,0.03356689151989272,-0.0254329621893257,0.42048917922079576,1000
mistral,mean_pool_hs,6,45,0,False,0.05410356849873465,-0.006975974014494568,0.19153827838599682,0.03391910623049878,-0.03599881418220632,0.42048917922079576,1000
mistral,mean_pool_hs,7,45,0,False,0.05078940474696478,-0.005264901265036314,0.1742648977786302,0.036084167821757336,-0.023743639902664492,0.42048917922079576,1000
mistral,mean_pool_hs,8,45,0,False,0.0684926283423208,0.008204992162063718,0.19502120055258274,0.05578711656243074,-0.015099064855281234,0.42048917922079576,1000
mistral,mean_pool_hs,9,45,0,False,0.07102364346829473,0.0059394653653726,0.20069043338298795,0.0705431549386808,0.014531601352636701,0.42048917922079576,1000
mistral,mean_pool_hs,10,45,0,False,0.08454250318302767,0.012015540827997028,0.22189481072127817,0.09076004406636437,0.03352752596241602,0.42048917922079576,1000
mistral,mean_pool_hs,11,45,0,False,0.10214318995853812,0.029818538669496776,0.23526693657040595,0.11732456757024669,0.059006939182186344,0.42048917922079576,1000
mistral,mean_pool_hs,12,45,0,False,0.11207036095382611,0.039989996887743476,0.24161389358341695,0.13639957563503635,0.08340935869211315,0.42048917922079576,1000
mistral,mean_pool_hs,13,45,0,False,0.11639947238598082,0.04528987677767873,0.24842431582510466,0.14443498369735328,0.09343407352349882,0.42048917922079576,1000
mistral,mean_pool_hs,14,45,0,False,0.11443396770960976,0.053123877570033076,0.23832831829786294,0.14012438961747722,0.08726700180372028,0.42048917922079576,1000
mistral,mean_pool_hs,15,45,0,False,0.11445516110261898,0.053375506121665243,0.2362027294933795,0.14136179071729138,0.0902293979230756,0.42048917922079576,1000
mistral,mean_pool_hs,16,45,0,False,0.11694796854686908,0.05432481691241264,0.23850513957440836,0.14097098866923485,0.08380148153189446,0.42048917922079576,1000
mistral,mean_pool_hs,17,45,0,False,0.1230516047997491,0.06242902521044016,0.24933221787214277,0.13396652061783076,0.05346579375462088,0.42048917922079576,1000
mistral,mean_pool_hs,18,45,0,False,0.12045296488483918,0.06733687184751033,0.2441635243594646,0.12386762222104451,0.03483387183542517,0.42048917922079576,1000
mistral,mean_pool_hs,19,45,0,False,0.10903194165312198,0.04837664971128106,0.23433481901884076,0.10790771882801432,0.02141790471287123,0.42048917922079576,1000
mistral,mean_pool_hs,20,45,0,False,0.11966037579526989,0.05475610988214612,0.24618738554418085,0.11200225459658894,0.008176947692176065,0.42048917922079576,1000
mistral,mean_pool_hs,21,45,0,False,0.1226733842190189,0.05526364641264081,0.2498596578836441,0.10648353441310247,-0.011440112130416857,0.42048917922079576,1000
mistral,mean_pool_hs,22,45,0,False,0.11824751882717215,0.03811563840135932,0.26042162775993344,0.10427819703938168,-0.007145839702252958,0.42048917922079576,1000
mistral,mean_pool_hs,23,45,0,False,0.10757397537286886,0.02954508434049785,0.24496993124485011,0.09655430658808473,-0.0024899463696414666,0.42048917922079576,1000
mistral,mean_pool_hs,24,45,0,False,0.1140849335522573,0.034894177317619325,0.25597358569502826,0.09964136759656501,-0.009187501064750199,0.42048917922079576,1000
mistral,mean_pool_hs,25,45,0,False,0.11539359064564343,0.03991528283804655,0.25597283989191055,0.09929070975979463,-0.012835023786666401,0.42048917922079576,1000
mistral,mean_pool_hs,26,45,0,False,0.12257507979932361,0.04529418991878629,0.2561559498310089,0.1071906386268136,-0.009551632492784358,0.42048917922079576,1000
mistral,mean_pool_hs,27,45,0,False,0.12250106178521257,0.04609389649704099,0.2532012470066547,0.10888771804622066,-0.005364220042237663,0.42048917922079576,1000
mistral,mean_pool_hs,28,45,0,False,0.12326510875751695,0.049120967369526626,0.2514554128050804,0.11212269664086634,0.0006768085632067057,0.42048917922079576,1000
mistral,mean_pool_hs,29,45,0,False,0.12625048596537938,0.05326030906289816,0.24985018335282802,0.11738923567108515,0.006766168695222313,0.42048917922079576,1000
mistral,mean_pool_hs,30,45,0,False,0.12831879776881608,0.059185420442372565,0.2507686704397201,0.12391423571644451,0.017858894712151373,0.42048917922079576,1000
mistral,mean_pool_hs,31,45,0,False,0.1361136373845894,0.06788755226880312,0.25488785356283183,0.13287211670180607,0.022372650302681703,0.42048917922079576,1000
mistral,mean_pool_hs,32,45,0,False,0.15160286869501202,0.03126020357012749,0.3114587053656578,0.204433502911347,0.16346369091285676,0.42048917922079576,1000
qwen,last_token_hs,0,45,0,False,,,,,,0.42048917922079576,0
qwen,last_token_hs,1,45,0,False,-0.022019282986404813,-0.054543462209403516,0.0704624079167842,-0.013535434834522237,0.015316121470550538,0.42048917922079576,1000
qwen,last_token_hs,2,45,0,False,-0.05429490440125419,-0.08603469468653202,0.04637284595519304,-0.031187996573811976,0.04287468048874632,0.42048917922079576,1000
qwen,last_token_hs,3,45,0,False,-0.010673906227641656,-0.0596890565007925,0.10069681052118537,0.016134810181743463,0.06135941773228132,0.42048917922079576,1000
qwen,last_token_hs,4,45,0,False,-0.008091335993252447,-0.06513487044721841,0.10589271523058415,0.02528401570898622,0.07753627458272877,0.42048917922079576,1000
qwen,last_token_hs,5,45,0,False,0.02454728808559206,-0.03297114325687289,0.13269261121749876,0.06711247101696931,0.10694330390566269,0.42048917922079576,1000
qwen,last_token_hs,6,45,0,False,0.034535501664027156,-0.024484630161896347,0.1370472703129053,0.06462321139716716,0.07940316010563547,0.42048917922079576,1000
qwen,last_token_hs,7,45,0,False,0.03648552230163882,-0.012773675285279751,0.1321511399000883,0.07429884277979795,0.09835238503198188,0.42048917922079576,1000
qwen,last_token_hs,8,45,0,False,0.07590231975737607,0.023688152618706226,0.16704476363956924,0.12608790699577746,0.13764299734359858,0.42048917922079576,1000
qwen,last_token_hs,9,45,0,False,0.07413972085422386,0.010622867033816874,0.16516811102628706,0.13086042885981045,0.1531238410937869,0.42048917922079576,1000
qwen,last_token_hs,10,45,0,False,0.1376281434554394,0.043636625073850153,0.24102324582636356,0.21754940023111136,0.22824823001490996,0.42048917922079576,1000
qwen,last_token_hs,11,45,0,False,0.12109313815053953,0.044911773130297664,0.21700854934751987,0.20298753421556148,0.2283604374289091,0.42048917922079576,1000
qwen,last_token_hs,12,45,0,False,0.15722230196413498,0.08463955689221621,0.2568705730140209,0.22836895520459036,0.21153863777297846,0.42048917922079576,1000
qwen,last_token_hs,13,45,0,False,0.24185032044385416,0.13594239428639412,0.36318171247839925,0.3431377965065067,0.3219913322979751,0.42048917922079576,1000
qwen,last_token_hs,14,45,0,False,0.22166123306511648,0.0719597740098834,0.3730367854237556,0.3782291770748747,0.47988579038687035,0.42048917922079576,1000
qwen,last_token_hs,15,45,0,False,0.24900995266856496,0.10122085288167,0.403738335520029,0.39053744783137234,0.4485623978554795,0.42048917922079576,1000
qwen,last_token_hs,16,45,0,False,0.27289552147470897,0.1250135999172926,0.4264597065746784,0.4122492626988829,0.45650924926516473,0.42048917922079576,1000
qwen,last_token_hs,17,45,0,False,0.3296428535680436,0.1724688272923231,0.4783113285899162,0.4567242273788458,0.4515342188530306,0.42048917922079576,1000
qwen,last_token_hs,18,45,0,False,0.3701214257214567,0.21685046292841434,0.5229894831776619,0.48735967826432985,0.44308569693964434,0.42048917922079576,1000
qwen,last_token_hs,19,45,0,False,0.4716495313395058,0.31293077766895294,0.6297772243618965,0.5480523608525982,0.3500812023720424,0.42048917922079576,1000
qwen,last_token_hs,20,45,0,False,0.459357092255908,0.3064854986965656,0.6092482268810272,0.5240279700703684,0.30105327949708977,0.42048917922079576,1000
qwen,last_token_hs,21,45,0,False,0.41082553446507775,0.2620592750608921,0.5646145895123481,0.48478564015140385,0.3101856655358904,0.42048917922079576,1000
qwen,last_token_hs,22,45,0,False,0.3589213995753274,0.22157768160104752,0.49730888456106187,0.41863856295750645,0.24468949362687914,0.42048917922079576,1000
qwen,last_token_hs,23,45,0,False,0.2919934808352951,0.16818624846637248,0.41485480070114134,0.3242984718940383,0.1481539449926317,0.42048917922079576,1000
qwen,last_token_hs,24,45,0,False,0.2806078750625804,0.16798812597990037,0.3927640810608864,0.300139989105993,0.11213329191513029,0.42048917922079576,1000
qwen,last_token_hs,25,45,0,False,0.21865555592968355,0.12658372856676578,0.33529366925358767,0.22410308139592172,0.06207047686948408,0.42048917922079576,1000
qwen,last_token_hs,26,45,0,False,0.21500405312004198,0.12042952980846167,0.3291542217135429,0.23544372472772981,0.09825453346520169,0.42048917922079576,1000
qwen,last_token_hs,27,45,0,False,0.16470531124829724,0.07903706654906273,0.2790006257593632,0.18226437328451384,0.07918610695697499,0.42048917922079576,1000
qwen,last_token_hs,28,45,45,True,,,,,,,0
qwen,mean_pool_hs,0,45,0,False,0.07180962495983957,0.017758510890416804,0.18301074281334875,0.057901014294148935,-0.017222842754947554,0.42048917922079576,1000
qwen,mean_pool_hs,1,45,0,False,0.010685356316079472,-0.026804454717785118,0.10895244572311635,0.030187039163168457,0.04876171630257213,0.42048917922079576,1000
qwen,mean_pool_hs,2,45,0,False,-0.001144625194981131,-0.04314019465819001,0.11185305155813688,0.028752025141800926,0.07084113717294631,0.42048917922079576,1000
qwen,mean_pool_hs,3,45,0,False,0.0028841783155748803,-0.043220055941492315,0.11597823817282914,0.06189125401973444,0.14102764659505576,0.42048917922079576,1000
qwen,mean_pool_hs,4,45,0,False,0.0049749935175248255,-0.04671783745288849,0.14211009144783016,0.039770182109436995,0.08388394554057735,0.42048917922079576,1000
qwen,mean_pool_hs,5,45,0,False,0.019777231769576423,-0.03834831323474645,0.1579400848597288,0.04809316665889394,0.0718107866753324,0.42048917922079576,1000
qwen,mean_pool_hs,6,45,0,False,0.046212037196513796,-0.014237204100936651,0.1813916251063346,0.07114146753863587,0.06971741699069395,0.42048917922079576,1000
qwen,mean_pool_hs,7,45,0,False,0.05496346149610197,-0.006290591380093242,0.187606905400753,0.08264262639355457,0.07830771251409543,0.42048917922079576,1000
qwen,mean_pool_hs,8,45,0,False,0.03431479521143504,-0.021514301002025605,0.19171084947884082,0.041885294338264545,0.02559343610719142,0.42048917922079576,1000
qwen,mean_pool_hs,9,45,0,False,0.07294028498966486,0.025192148284986615,0.21570650264620778,0.07281775283268044,0.015808922822781315,0.42048917922079576,1000
qwen,mean_pool_hs,10,45,0,False,0.07066685644955692,0.009298784146085383,0.21223907843232148,0.06169767664711128,-0.005748376177691015,0.42048917922079576,1000
qwen,mean_pool_hs,11,45,0,False,0.08533813093179991,0.018384714238345624,0.23827190101146697,0.08684473637652002,0.022443292162415397,0.42048917922079576,1000
qwen,mean_pool_hs,12,45,0,False,0.11116128288694628,0.03952155690640211,0.2673014424741268,0.11969943788336242,0.04505585774751468,0.42048917922079576,1000
qwen,mean_pool_hs,13,45,0,False,0.11482756659046853,0.041952456906437875,0.2624966703355312,0.13043363696409468,0.06292028523768911,0.42048917922079576,1000
qwen,mean_pool_hs,14,45,0,False,0.1278741359095456,0.05884369006380439,0.266531641036272,0.15897991538979123,0.10365299656470703,0.42048917922079576,1000
qwen,mean_pool_hs,15,45,0,False,0.13884043621070144,0.0679952910169959,0.2760180130600929,0.17173201605495297,0.11067171092054819,0.42048917922079576,1000
qwen,mean_pool_hs,16,45,0,False,0.15833113073926494,0.08373183738440275,0.29254996404051775,0.1945417299958009,0.12364306345036971,0.42048917922079576,1000
qwen,mean_pool_hs,17,45,0,False,0.15998365776507287,0.08676707204431296,0.29039170220494265,0.2009276616945512,0.13584270161228268,0.42048917922079576,1000
qwen,mean_pool_hs,18,45,0,False,0.15844814637992233,0.08568747658282519,0.28653832301497456,0.1993113626398478,0.1352537922914577,0.42048917922079576,1000
qwen,mean_pool_hs,19,45,0,False,0.17063346029973397,0.09131559245288372,0.3044126436114311,0.2097688075026377,0.13401042277110972,0.42048917922079576,1000
qwen,mean_pool_hs,20,45,0,False,0.17322056002632896,0.09804714750498533,0.30340465307235714,0.207836861526822,0.12336782194891979,0.42048917922079576,1000
qwen,mean_pool_hs,21,45,0,False,0.17653570561077225,0.10128754638135433,0.30618287175893777,0.21158157641571176,0.12526549191693576,0.42048917922079576,1000
qwen,mean_pool_hs,22,45,0,False,0.1841988454366046,0.11257822029292583,0.31790948286652565,0.20250225707421898,0.08559663428163475,0.42048917922079576,1000
qwen,mean_pool_hs,23,45,0,False,0.15438110953260922,0.07969361059367656,0.29073633402585985,0.16845432706509614,0.0682815033989642,0.42048917922079576,1000
qwen,mean_pool_hs,24,45,0,False,0.1559407171400609,0.08797221444547176,0.28184878230094906,0.1559525755503448,0.034608984971455814,0.42048917922079576,1000
qwen,mean_pool_hs,25,45,0,False,0.15178904264633167,0.08866648692637683,0.2685145109891891,0.1455368616153206,0.018652067811394377,0.42048917922079576,1000
qwen,mean_pool_hs,26,45,0,False,0.15491636100516507,0.09543980341404676,0.26760534569621086,0.14749803548450335,0.016557066161249155,0.42048917922079576,1000
qwen,mean_pool_hs,27,45,0,False,0.17080680477488694,0.1025021143257618,0.29419690817594524,0.1612959554241783,0.015080010595342964,0.42048917922079576,1000
qwen,mean_pool_hs,28,45,45,True,,,,,,,0
qwen_base,last_token_hs,0,45,0,False,,,,,,0.42048917922079576,0
qwen_base,last_token_hs,1,45,0,False,0.01925374228354802,-0.03518698373809456,0.11393751539289951,0.03763220493828199,0.04799996858697051,0.42048917922079576,1000
qwen_base,last_token_hs,2,45,0,False,-0.05133163282141264,-0.08738287780433893,0.05885430146008727,0.013922158894663922,0.14273461702390558,0.42048917922079576,1000
qwen_base,last_token_hs,3,45,0,False,-0.018916340153477377,-0.059472207259386775,0.08006872665137052,0.03944996178367198,0.1342657817113267,0.42048917922079576,1000
qwen_base,last_token_hs,4,45,0,False,0.0200202490665745,-0.03579997234046459,0.12930164225399488,0.05389986940865626,0.08514251204122329,0.42048917922079576,1000
qwen_base,last_token_hs,5,45,0,False,0.020748842013576754,-0.034576725121587513,0.12006673663854596,0.05048578868565474,0.07542176243358471,0.42048917922079576,1000
qwen_base,last_token_hs,6,45,0,False,0.05018490825344182,-0.01045541705098003,0.1571308434009552,0.08511964638020557,0.09463105257734167,0.42048917922079576,1000
qwen_base,last_token_hs,7,45,0,False,0.03868401246929744,-0.011198533931747079,0.133735017105937,0.07047144689627267,0.08442270870293564,0.42048917922079576,1000
qwen_base,last_token_hs,8,45,0,False,0.05800396311010975,0.011556061380542815,0.14573610872030257,0.07798297184847114,0.060530972334983967,0.42048917922079576,1000
qwen_base,last_token_hs,9,45,0,False,0.05260507719001712,0.004824430495500565,0.14684813134372232,0.08870471421010587,0.09799533856613805,0.42048917922079576,1000
qwen_base,last_token_hs,10,45,0,False,0.07739458642631948,0.024634891469031573,0.17004809640347957,0.1006864709881436,0.07289934563505908,0.42048917922079576,1000
qwen_base,last_token_hs,11,45,0,False,0.0837455078437649,0.02777108969166875,0.17569055780768394,0.08667598482496378,0.025490739695529212,0.42048917922079576,1000
qwen_base,last_token_hs,12,45,0,False,0.11770174321181845,0.05780548108741641,0.20341109223663803,0.12970033175420487,0.05486630030293476,0.42048917922079576,1000
qwen_base,last_token_hs,13,45,0,False,0.1463885594455267,0.08263381253927946,0.23405385687947272,0.16685383518244226,0.08200739301322714,0.42048917922079576,1000
qwen_base,last_token_hs,14,45,0,False,0.1747544503668615,0.11414655838161707,0.25089967697858806,0.20473605140250448,0.11221005596002406,0.42048917922079576,1000
qwen_base,last_token_hs,15,45,0,False,0.1858624030794569,0.12300320025533437,0.25999255999922755,0.2106983999724565,0.10213770303414309,0.42048917922079576,1000
qwen_base,last_token_hs,16,45,0,False,0.21708565277224423,0.14408443719148636,0.28522774428129194,0.25314373573963544,0.1381003162110989,0.42048917922079576,1000
qwen_base,last_token_hs,17,45,0,False,0.207691421584641,0.12734066061675547,0.2833777882158756,0.2599464239119239,0.17714794859777153,0.42048917922079576,1000
qwen_base,last_token_hs,18,45,0,False,0.22327400844256512,0.12927545681595803,0.3085625901818275,0.2841973579158651,0.20426859785067475,0.42048917922079576,1000
qwen_base,last_token_hs,19,45,0,False,0.2099391427361795,0.11395693961530924,0.30528332889080045,0.2706461888462489,0.1997890751110579,0.42048917922079576,1000
qwen_base,last_token_hs,20,45,0,False,0.19445968093852703,0.09256281033158302,0.31404037550091746,0.2667583930923668,0.2256307564724368,0.42048917922079576,1000
qwen_base,last_token_hs,21,45,0,False,0.2026802162597064,0.08702454306185245,0.33708392605185505,0.27806298276610086,0.23634763303286582,0.42048917922079576,1000
qwen_base,last_token_hs,22,45,0,False,0.16376899850346438,0.04977151108905673,0.295922602713108,0.24176101853925722,0.23115455219783454,0.42048917922079576,1000
qwen_base,last_token_hs,23,45,0,False,0.1508501668292232,0.02996749277226627,0.2990847148001194,0.2199666498343619,0.2045078439354936,0.42048917922079576,1000
qwen_base,last_token_hs,24,45,0,False,0.16331070111543436,0.03096394371241331,0.32068223580718036,0.22174663582628723,0.18078137251873783,0.42048917922079576,1000
qwen_base,last_token_hs,25,45,0,False,0.15551523919296095,0.018087316909804942,0.3235950589179993,0.2024503618382595,0.1496862453629066,0.42048917922079576,1000
qwen_base,last_token_hs,26,45,0,False,0.13289447529670817,0.0030888976587448297,0.2941470794379711,0.18171553777363114,0.14858685116750883,0.42048917922079576,1000
qwen_base,last_token_hs,27,45,0,False,0.12720823886666696,0.0038113428046926885,0.2750374540686607,0.17458281130381273,0.14355301875828755,0.42048917922079576,1000
qwen_base,last_token_hs,28,45,11,False,0.034633754390822294,-0.11697514560073614,0.20408165529370306,0.06784800612759738,0.08690777563226604,0.42048917922079576,1000
qwen_base,mean_pool_hs,0,45,0,False,0.1481480328128356,0.07696693520992995,0.25237834751605986,0.1521384744960641,0.04243920689891964,0.42048917922079576,1000
qwen_base,mean_pool_hs,1,45,0,False,0.12068839714924742,0.05873399833217263,0.2420949809253215,0.1358162995711294,0.06310327896065664,0.42048917922079576,1000
qwen_base,mean_pool_hs,2,45,0,False,0.08370088361356046,0.014956128527410328,0.21486735865473747,0.10751705168360554,0.07560913991774547,0.42048917922079576,1000
qwen_base,mean_pool_hs,3,45,0,False,0.09920416618850551,0.012525757774710655,0.2541806451976299,0.14759684409237864,0.13903656053051164,0.42048917922079576,1000
qwen_base,mean_pool_hs,4,45,0,False,0.10074636522166161,-0.0042027420713566235,0.3012341298162937,0.09001904137540526,-0.0032994707272447845,0.42048917922079576,1000
qwen_base,mean_pool_hs,5,45,0,False,0.08729958359567662,-0.027069295849651096,0.2928925551474094,0.07445317863107657,-0.011292726652631821,0.42048917922079576,1000
qwen_base,mean_pool_hs,6,45,0,False,0.10063139845461803,-0.0009924120968207671,0.2977689363062381,0.08613261721124477,-0.012278844580522407,0.42048917922079576,1000
qwen_base,mean_pool_hs,7,45,0,False,0.1062379391192273,0.007851428131107242,0.30216667875647546,0.09178970499560658,-0.010925285775667691,0.42048917922079576,1000
qwen_base,mean_pool_hs,8,45,0,False,0.10064214054114357,0.008070422930177302,0.30224432870745654,0.06932697857064081,-0.05199156739211119,0.42048917922079576,1000
qwen_base,mean_pool_hs,9,45,0,False,0.12294494768589799,0.04135514786466956,0.3132822684943676,0.08636988232725579,-0.05940877167366593,0.42048917922079576,1000
qwen_base,mean_pool_hs,10,45,0,False,0.13725561849507464,0.04650410432368517,0.3262888312339782,0.09531768605892565,-0.06877497879411508,0.42048917922079576,1000
qwen_base,mean_pool_hs,11,45,0,False,0.1357061295972951,0.050766670051962136,0.32276987954974173,0.09863037874704773,-0.05776572180924343,0.42048917922079576,1000
qwen_base,mean_pool_hs,12,45,0,False,0.13703198527976532,0.051980354730039834,0.32367416545748706,0.10579405833293033,-0.0437952685104951,0.42048917922079576,1000
qwen_base,mean_pool_hs,13,45,0,False,0.13007881504310553,0.04461626773700118,0.3208684429526329,0.0998918656869482,-0.0428546153268512,0.42048917922079576,1000
qwen_base,mean_pool_hs,14,45,0,False,0.13511063369613222,0.04846395030617714,0.3274639531970024,0.10860480908025809,-0.03308910625926119,0.42048917922079576,1000
qwen_base,mean_pool_hs,15,45,0,False,0.13515821664600997,0.04862610399723053,0.32574151456356043,0.11109248649752453,-0.027326360618466956,0.42048917922079576,1000
qwen_base,mean_pool_hs,16,45,0,False,0.13527963878929716,0.046403633896261454,0.3246125765144824,0.11665751592178052,-0.014432205250983753,0.42048917922079576,1000
qwen_base,mean_pool_hs,17,45,0,False,0.13665372731540174,0.04661933612078428,0.32799844816327084,0.12097446788880681,-0.0071534592631214275,0.42048917922079576,1000
qwen_base,mean_pool_hs,18,45,0,False,0.13577979214786726,0.04334785081446171,0.32728794962167734,0.12055196426436376,-0.00627432088921729,0.42048917922079576,1000
qwen_base,mean_pool_hs,19,45,0,False,0.13019223750583517,0.03711049249395728,0.32188847959041594,0.11723200896017635,-0.002118543222913643,0.42048917922079576,1000
qwen_base,mean_pool_hs,20,45,0,False,0.11225609950556593,0.024055251525714996,0.284015031158924,0.09841383346240141,-0.008163010387572545,0.42048917922079576,1000
qwen_base,mean_pool_hs,21,45,0,False,0.09937335839095894,0.020994105748832224,0.26194400265812867,0.08501825504619047,-0.012214876657352755,0.42048917922079576,1000
qwen_base,mean_pool_hs,22,45,0,False,0.08959131632516874,0.021821183525025843,0.24440340138971803,0.06841029037583517,-0.03053062815231978,0.42048917922079576,1000
qwen_base,mean_pool_hs,23,45,0,False,0.06143920739344434,-0.006665748753584921,0.2133684270083904,0.04146337841519461,-0.033884945218936945,0.42048917922079576,1000
qwen_base,mean_pool_hs,24,45,0,False,0.05525062371563373,0.0001160094427177693,0.19825805537402624,0.03298043711673778,-0.04068313235657176,0.42048917922079576,1000
qwen_base,mean_pool_hs,25,45,0,False,0.06711990973123402,0.011557267350144685,0.2072856910526752,0.04262628824213314,-0.04331688637571596,0.42048917922079576,1000
qwen_base,mean_pool_hs,26,45,0,False,0.07268561017120181,0.023424034100025894,0.2054002448916435,0.05000077588336896,-0.03781200605252404,0.42048917922079576,1000
qwen_base,mean_pool_hs,27,45,0,False,0.13957098708216653,0.06278088483959436,0.29567689299583433,0.125637880189985,-0.002364343720640045,0.42048917922079576,1000
qwen_base,mean_pool_hs,28,45,11,False,0.040572640276952295,-0.09987968262284994,0.26171811297535896,0.09373200739583605,0.13618304545425172,0.42048917922079576,1000
