model,pooling,layer,standardised,contrast,ci_lo,ci_hi
deepseek,last_token_hs,0,False,0.0,0.0,0.0
deepseek,last_token_hs,0,True,0.0,0.0,0.0
deepseek,last_token_hs,1,False,-4.908442497253418e-05,-0.00016930997371673585,7.933899760246276e-05
deepseek,last_token_hs,1,True,-0.0178817855194211,-0.06625554440543055,0.035394436051137734
deepseek,last_token_hs,2,False,-0.0003985464572906494,-0.0008030138909816742,4.098936915397621e-05
deepseek,last_token_hs,2,True,-0.010747089399956167,-0.04555559093132615,0.03331601331010461
deepseek,last_token_hs,3,False,-0.0009714365005493164,-0.0019027143716812134,2.1159648895257167e-06
deepseek,last_token_hs,3,True,-0.02887439215555787,-0.061349620670080186,0.01760974964126944
deepseek,last_token_hs,4,False,-0.0011174678802490234,-0.0022526070475578307,0.00019058659672737088
deepseek,last_token_hs,4,True,-0.02601170155685395,-0.06577029908075929,0.03249459285289048
deepseek,last_token_hs,5,False,-0.0018300414085388184,-0.003401032835245132,-6.334483623504651e-06
deepseek,last_token_hs,5,True,-0.020032943226397038,-0.06440262002870441,0.03449153369292615
deepseek,last_token_hs,6,False,-0.0023984313011169434,-0.003917190432548523,-0.00034785866737365725
deepseek,last_token_hs,6,True,-0.02554614096879959,-0.06966688688844443,0.03364192843437194
deepseek,last_token_hs,7,False,-0.0026699304580688477,-0.004991015046834945,5.379021167754962e-05
deepseek,last_token_hs,7,True,-0.02389994403347373,-0.07425491586327553,0.03718833867460487
deepseek,last_token_hs,8,False,-0.006234705448150635,-0.010014799982309341,-0.0016917936503887206
deepseek,last_token_hs,8,True,-0.02622426999732852,-0.07480530934408307,0.030820157937705508
deepseek,last_token_hs,9,False,-0.006840109825134277,-0.010768771916627885,-0.002158044278621674
deepseek,last_token_hs,9,True,-0.0350000518374145,-0.07739889351651072,0.01865364434197544
deepseek,last_token_hs,10,False,-0.009347975254058838,-0.014597555249929428,-0.002922321110963823
deepseek,last_token_hs,10,True,-0.053760077338665724,-0.09605013383552433,-0.0017474185675382674
deepseek,last_token_hs,11,False,-0.017123550176620483,-0.023039401322603226,-0.008433555066585543
deepseek,last_token_hs,11,True,-0.07761325873434544,-0.11617859145626426,-0.03087089490145445
deepseek,last_token_hs,12,False,-0.018283575773239136,-0.027403730154037475,-0.006744515895843506
deepseek,last_token_hs,12,True,-0.08341289823874831,-0.12705254117026926,-0.031975520122796315
deepseek,last_token_hs,13,False,-0.016369163990020752,-0.027858345955610275,-0.003481271117925648
deepseek,last_token_hs,13,True,-0.08527441415935755,-0.1283034546300769,-0.030129653029143822
deepseek,last_token_hs,14,False,-0.014411598443984985,-0.026621169596910476,-0.0007257342338562057
deepseek,last_token_hs,14,True,-0.09963702037930489,-0.15050875060260296,-0.036300869006663565
deepseek,last_token_hs,15,False,-0.011591851711273193,-0.02354086861014366,0.0010835871100425718
deepseek,last_token_hs,15,True,-0.10517692076973617,-0.1597206335514784,-0.04355707988142968
deepseek,last_token_hs,16,False,-0.010413050651550293,-0.02433921694755554,0.0030399598181247685
deepseek,last_token_hs,16,True,-0.11184312589466572,-0.16396385794505478,-0.04839682597666979
deepseek,last_token_hs,17,False,-0.012409836053848267,-0.027385125309228896,0.002651138603687281
deepseek,last_token_hs,17,True,-0.08889569528400898,-0.13498285142704844,-0.0333533669821918
deepseek,last_token_hs,18,False,-0.014152169227600098,-0.02753002643585205,-0.00030430406332016067
deepseek,last_token_hs,18,True,-0.08606757782399654,-0.12925693364813923,-0.029967259708791986
deepseek,last_token_hs,19,False,-0.01832711696624756,-0.033578837662935256,-0.0021522887051105624
deepseek,last_token_hs,19,True,-0.0783108165487647,-0.11512516103684903,-0.026443752925843004
deepseek,last_token_hs,20,False,-0.01822468638420105,-0.03167443424463272,-0.004009940475225452
deepseek,last_token_hs,20,True,-0.06425082730129361,-0.09365202735643834,-0.024086451809853315
deepseek,last_token_hs,21,False,-0.019088774919509888,-0.035759902000427245,-0.0022520311176776977
deepseek,last_token_hs,21,True,-0.0546266904566437,-0.08001594890956767,-0.01937213828787208
deepseek,last_token_hs,22,False,-0.017849206924438477,-0.03336034193634987,-0.001555154472589499
deepseek,last_token_hs,22,True,-0.05219692038372159,-0.07643151292577385,-0.017956929234787825
deepseek,last_token_hs,23,False,-0.015226155519485474,-0.03032471686601639,0.00011027380824088982
deepseek,last_token_hs,23,True,-0.044445558451116085,-0.06728843724122271,-0.014718363201245683
deepseek,last_token_hs,24,False,-0.015459299087524414,-0.030730200558900835,-0.00042192712426185666
deepseek,last_token_hs,24,True,-0.042326537892222404,-0.06540567632764578,-0.014666201546788233
deepseek,last_token_hs,25,False,-0.01663792133331299,-0.02966873422265053,-0.002676347643136981
deepseek,last_token_hs,25,True,-0.04165491531603038,-0.06334767744410782,-0.014503271831199527
deepseek,last_token_hs,26,False,-0.01885262131690979,-0.031214091181755065,-0.004864846915006639
deepseek,last_token_hs,26,True,-0.039950481383129954,-0.06197691126726568,-0.015360889569274151
deepseek,last_token_hs,27,False,-0.02005097270011902,-0.030940966308116914,-0.006993993371725084
deepseek,last_token_hs,27,True,-0.04132983239287569,-0.06286005973815918,-0.016173353139311078
deepseek,last_token_hs,28,False,-0.01951497793197632,-0.029789279401302337,-0.0072946570813655865
deepseek,last_token_hs,28,True,-0.04043652780819684,-0.06089395808521658,-0.017383425589650878
deepseek,last_token_hs,29,False,-0.019087761640548706,-0.02969208508729935,-0.006476493179798128
deepseek,last_token_hs,29,True,-0.04100662504788488,-0.06170957488939166,-0.016872758418321615
deepseek,last_token_hs,30,False,-0.018460959196090698,-0.02776317670941353,-0.007984908670186997
deepseek,last_token_hs,30,True,-0.04275724638137035,-0.0645441071363166,-0.018984201969578878
deepseek,mean_pool_hs,0,False,-0.02550804615020752,-0.040179242938756944,-0.006913013756275179
deepseek,mean_pool_hs,0,True,-0.018329881713725626,-0.048062945157289504,0.013457684637978666
deepseek,mean_pool_hs,1,False,-0.0006769001483917236,-0.0013270393013954163,0.00010463893413543674
deepseek,mean_pool_hs,1,True,-0.014872811443638057,-0.04277371931821108,0.017586189415305847
deepseek,mean_pool_hs,2,False,0.0003673732280731201,-4.282817244529724e-05,0.0006812423467636109
deepseek,mean_pool_hs,2,True,0.004470862011658028,-0.0699956084601581,0.0857969676144421
deepseek,mean_pool_hs,3,False,0.00035634636878967285,-4.448294639587402e-05,0.0006644897162914276
deepseek,mean_pool_hs,3,True,-0.0013487432152032852,-0.06476012459024787,0.06463580634444951
deepseek,mean_pool_hs,4,False,0.0003158450126647949,-6.928816437721252e-05,0.0006142035126686096
deepseek,mean_pool_hs,4,True,-0.009498694387730211,-0.06422862177714705,0.04604489123448729
deepseek,mean_pool_hs,5,False,0.0002740621566772461,-0.00010412856936454771,0.000563787668943405
deepseek,mean_pool_hs,5,True,-0.015164483687840402,-0.0609239530749619,0.03347115493379533
deepseek,mean_pool_hs,6,False,0.00018128752708435059,-0.00017822012305259704,0.0004875235259532928
deepseek,mean_pool_hs,6,True,-0.024427630007267,-0.073999157641083,0.026909699290990796
deepseek,mean_pool_hs,7,False,8.019804954528809e-05,-0.00026530101895332335,0.0004128679633140563
deepseek,mean_pool_hs,7,True,-0.02961156703531742,-0.08114730045199395,0.023681712616235015
deepseek,mean_pool_hs,8,False,-7.003545761108398e-05,-0.00038741454482078553,0.0002785407006740569
deepseek,mean_pool_hs,8,True,-0.04225785657763481,-0.090194190479815,0.00912845358252524
deepseek,mean_pool_hs,9,False,-0.00024083256721496582,-0.0005517832934856415,0.00016283020377159114
deepseek,mean_pool_hs,9,True,-0.05138208344578743,-0.09747135359793901,0.00039034476503729804
deepseek,mean_pool_hs,10,False,-0.0004329383373260498,-0.000771012157201767,3.852024674415563e-05
deepseek,mean_pool_hs,10,True,-0.06711084768176079,-0.11158860614523292,-0.016990929283201697
deepseek,mean_pool_hs,11,False,-0.0005865097045898438,-0.0009828604757785796,-1.4136731624603696e-05
deepseek,mean_pool_hs,11,True,-0.07166101224720478,-0.11703063882887363,-0.018950716964900496
deepseek,mean_pool_hs,12,False,-0.0006912946701049805,-0.0010961852967739105,-9.357407689094555e-05
deepseek,mean_pool_hs,12,True,-0.07688449136912823,-0.12371448772028089,-0.024283771216869355
deepseek,mean_pool_hs,13,False,-0.0008196532726287842,-0.0012741707265377044,-0.00013932436704635625
deepseek,mean_pool_hs,13,True,-0.07755690068006516,-0.12470498103648424,-0.025319987069815402
deepseek,mean_pool_hs,14,False,-0.001100778579711914,-0.0016687437891960144,-0.0002656362950801851
deepseek,mean_pool_hs,14,True,-0.07913331314921379,-0.12835188191384078,-0.025446341373026374
deepseek,mean_pool_hs,15,False,-0.0014210939407348633,-0.002119807153940201,-0.00038176253437995945
deepseek,mean_pool_hs,15,True,-0.07826860249042511,-0.12652368135750294,-0.024848511070013048
deepseek,mean_pool_hs,16,False,-0.001873612403869629,-0.002827923744916916,-0.0005109652876853945
deepseek,mean_pool_hs,16,True,-0.07593029271811247,-0.12216697540134192,-0.025383032392710447
deepseek,mean_pool_hs,17,False,-0.0024577081203460693,-0.003604205697774887,-0.000778389722108841
deepseek,mean_pool_hs,17,True,-0.06828105822205544,-0.11296483706682921,-0.02217806242406369
deepseek,mean_pool_hs,18,False,-0.003067106008529663,-0.0046689420938491825,-0.0008801586925983442
deepseek,mean_pool_hs,18,True,-0.06978526338934898,-0.11596247972920537,-0.022039684280753136
deepseek,mean_pool_hs,19,False,-0.0043728649616241455,-0.006439115107059479,-0.0013923294842243196
deepseek,mean_pool_hs,19,True,-0.06913513969630003,-0.11329571139067411,-0.0221417042426765
deepseek,mean_pool_hs,20,False,-0.005820482969284058,-0.008502199500799178,-0.0018711045384407047
deepseek,mean_pool_hs,20,True,-0.06582147860899568,-0.10784566588699818,-0.02264943774789572
deepseek,mean_pool_hs,21,False,-0.007394582033157349,-0.010788769274950028,-0.002417815476655962
deepseek,mean_pool_hs,21,True,-0.062171953613869846,-0.10042641321197152,-0.020860711671412006
deepseek,mean_pool_hs,22,False,-0.008963167667388916,-0.013141201436519622,-0.0029886506497859965
deepseek,mean_pool_hs,22,True,-0.0635847826488316,-0.10190872633829713,-0.023008514055982233
deepseek,mean_pool_hs,23,False,-0.011402308940887451,-0.016675589978694914,-0.003961914032697678
deepseek,mean_pool_hs,23,True,-0.06715006369631737,-0.10631106598302723,-0.02581822536885739
deepseek,mean_pool_hs,24,False,-0.01215130090713501,-0.017772004008293152,-0.004309558123350145
deepseek,mean_pool_hs,24,True,-0.06813294468156528,-0.10790590895339847,-0.02595516936853528
deepseek,mean_pool_hs,25,False,-0.011781692504882812,-0.01727824881672859,-0.0039445735514163985
deepseek,mean_pool_hs,25,True,-0.07125842364621349,-0.1122285982593894,-0.028360378183424476
deepseek,mean_pool_hs,26,False,-0.011604666709899902,-0.017672066390514374,-0.0036359511315822656
deepseek,mean_pool_hs,26,True,-0.06949225923744962,-0.10911286044865846,-0.027227681502699858
deepseek,mean_pool_hs,27,False,-0.011202424764633179,-0.017100108414888383,-0.003201878070831299
deepseek,mean_pool_hs,27,True,-0.06995485268998891,-0.1094069748185575,-0.027114869281649592
deepseek,mean_pool_hs,28,False,-0.009472578763961792,-0.01482018455862999,-0.002658703178167344
deepseek,mean_pool_hs,28,True,-0.06918082048650831,-0.10755894528701901,-0.027377686835825445
deepseek,mean_pool_hs,29,False,-0.009240537881851196,-0.014549730718135834,-0.002425805479288102
deepseek,mean_pool_hs,29,True,-0.06986338400747627,-0.10986248413100838,-0.026281057298183443
deepseek,mean_pool_hs,30,False,-0.0018185973167419434,-0.0048706836998462675,0.001139735430479049
deepseek,mean_pool_hs,30,True,-0.06081092078238726,-0.10553137734532356,-0.013068698253482582
deepseek_v2_lite,last_token_hs,0,False,0.0,0.0,0.0
deepseek_v2_lite,last_token_hs,0,True,0.0,0.0,0.0
deepseek_v2_lite,last_token_hs,1,False,-0.00015613436698913574,-0.00028177574276924135,4.813075065612752e-07
deepseek_v2_lite,last_token_hs,1,True,-0.02522389590740204,-0.09160234369337558,0.05158307282254098
deepseek_v2_lite,last_token_hs,2,False,-0.0006144940853118896,-0.0011533550918102265,-5.096122622489929e-05
deepseek_v2_lite,last_token_hs,2,True,-0.03586423024535179,-0.08556265449151397,0.006320340372621996
deepseek_v2_lite,last_token_hs,3,False,-0.0006933808326721191,-0.0012597106397151947,-5.6636333465576215e-05
deepseek_v2_lite,last_token_hs,3,True,-0.04955560155212879,-0.10212399493902921,0.0046217218041419966
deepseek_v2_lite,last_token_hs,4,False,-0.0011888742446899414,-0.0019996434450149534,-0.000257311761379242
deepseek_v2_lite,last_token_hs,4,True,-0.036194716580212116,-0.08925829958170652,0.02555450098589061
deepseek_v2_lite,last_token_hs,5,False,-0.0012096166610717773,-0.0019692622125148775,-0.00029508247971534737
deepseek_v2_lite,last_token_hs,5,True,-0.048228545114398,-0.10719826826825737,0.024980910960584878
deepseek_v2_lite,last_token_hs,6,False,-0.0021830499172210693,-0.0037208348512649536,-0.0002475224435329442
deepseek_v2_lite,last_token_hs,6,True,-0.05894778296351433,-0.11855766139924526,0.012103810952976335
deepseek_v2_lite,last_token_hs,7,False,-0.004486948251724243,-0.007544775307178497,-0.0003264583647251153
deepseek_v2_lite,last_token_hs,7,True,-0.057880504755303264,-0.10309353806078433,0.0020103784278034833
deepseek_v2_lite,last_token_hs,8,False,-0.004575252532958984,-0.007422333955764771,-0.0006491020321846014
deepseek_v2_lite,last_token_hs,8,True,-0.06200240252655931,-0.11800670018419623,0.004027537349611519
deepseek_v2_lite,last_token_hs,9,False,-0.010179996490478516,-0.013604596257209778,-0.004537317901849748
deepseek_v2_lite,last_token_hs,9,True,-0.08053794410079718,-0.1323775821365416,-0.017974690441042194
deepseek_v2_lite,last_token_hs,10,False,-0.01184871792793274,-0.01621476262807846,-0.0048303700983524335
deepseek_v2_lite,last_token_hs,10,True,-0.09129511704668403,-0.14543382190167903,-0.023324198741465827
deepseek_v2_lite,last_token_hs,11,False,-0.013694018125534058,-0.0187987357378006,-0.005646604299545289
deepseek_v2_lite,last_token_hs,11,True,-0.09825300145894289,-0.15197218880057334,-0.027747955545783062
deepseek_v2_lite,last_token_hs,12,False,-0.017052829265594482,-0.02379627525806427,-0.006602454930543901
deepseek_v2_lite,last_token_hs,12,True,-0.10597593896090984,-0.15616436330601574,-0.037784295435994916
deepseek_v2_lite,last_token_hs,13,False,-0.02082747220993042,-0.029888999462127686,-0.00779818668961525
deepseek_v2_lite,last_token_hs,13,True,-0.10157673060894012,-0.14704382503405214,-0.035081950481981046
deepseek_v2_lite,last_token_hs,14,False,-0.028838515281677246,-0.04490034207701683,-0.0064646951854229
deepseek_v2_lite,last_token_hs,14,True,-0.08692366164177656,-0.1305867310613394,-0.028235250897705566
deepseek_v2_lite,last_token_hs,15,False,-0.03525346517562866,-0.055133970081806184,-0.008637666702270511
deepseek_v2_lite,last_token_hs,15,True,-0.08097832649946213,-0.12670930232852698,-0.02323023993521929
deepseek_v2_lite,last_token_hs,16,False,-0.035072386264801025,-0.055761910229921344,-0.00673092305660248
deepseek_v2_lite,last_token_hs,16,True,-0.07748166052624583,-0.12380964900366961,-0.021273534419015062
deepseek_v2_lite,last_token_hs,17,False,-0.036984026432037354,-0.05602756813168526,-0.008755979686975484
deepseek_v2_lite,last_token_hs,17,True,-0.06193397694732994,-0.10606438345275819,-0.01024234453216195
deepseek_v2_lite,last_token_hs,18,False,-0.03866395354270935,-0.05519186481833458,-0.012635658681392676
deepseek_v2_lite,last_token_hs,18,True,-0.05819778284057975,-0.09924901500344277,-0.009670659806579359
deepseek_v2_lite,last_token_hs,19,False,-0.03988164663314819,-0.05753531754016876,-0.01272637173533441
deepseek_v2_lite,last_token_hs,19,True,-0.059935860335826874,-0.10079969933722167,-0.013454312179237616
deepseek_v2_lite,last_token_hs,20,False,-0.0397050678730011,-0.05888028368353844,-0.012214562296867381
deepseek_v2_lite,last_token_hs,20,True,-0.03791240765713155,-0.06647664024785627,-0.003672998282127083
deepseek_v2_lite,last_token_hs,21,False,-0.0398714542388916,-0.06022352799773216,-0.011861278861761094
deepseek_v2_lite,last_token_hs,21,True,-0.03829077212139964,-0.06740880105644464,-0.003690563770942398
deepseek_v2_lite,last_token_hs,22,False,-0.036198824644088745,-0.05399817749857903,-0.010475620627403261
deepseek_v2_lite,last_token_hs,22,True,-0.037705242866650224,-0.06733647038054187,-0.0046131131239235445
deepseek_v2_lite,last_token_hs,23,False,-0.03648173809051514,-0.05584812238812446,-0.009022375196218494
deepseek_v2_lite,last_token_hs,23,True,-0.03334500337950885,-0.06163062751293182,-0.003021706221625225
deepseek_v2_lite,last_token_hs,24,False,-0.02727222442626953,-0.04326614886522293,-0.0050097726285457615
deepseek_v2_lite,last_token_hs,24,True,-0.03222016908694059,-0.05985024548135698,-0.0034870285846409425
deepseek_v2_lite,last_token_hs,25,False,-0.02146098017692566,-0.034421485662460324,-0.004309020936489106
deepseek_v2_lite,last_token_hs,25,True,-0.028381398878991604,-0.05429410254582763,-0.0012886298820376407
deepseek_v2_lite,last_token_hs,26,False,-0.013275623321533203,-0.02111540213227272,-0.0022556744515895852
deepseek_v2_lite,last_token_hs,26,True,-0.02755842451006174,-0.05346843628212809,-0.0011577217606827648
deepseek_v2_lite,last_token_hs,27,False,-0.014057189226150513,-0.023263409733772278,-0.0011561982333660162
deepseek_v2_lite,last_token_hs,27,True,-0.0269467462785542,-0.05524016236886382,0.0018698694650083707
deepseek_v2_lite,mean_pool_hs,0,False,-0.002764075994491577,-0.013416113704442978,0.007267563045024864
deepseek_v2_lite,mean_pool_hs,0,True,-0.017275264719501138,-0.04585590902715921,0.013932245178148148
deepseek_v2_lite,mean_pool_hs,1,False,1.4603137969970703e-06,-0.0029019176959991454,0.0027573682367801663
deepseek_v2_lite,mean_pool_hs,1,True,-0.010853414540179074,-0.04016617136076093,0.022349617723375546
deepseek_v2_lite,mean_pool_hs,2,False,-0.000303417444229126,-0.0034313946962356567,0.002632144838571548
deepseek_v2_lite,mean_pool_hs,2,True,-0.01011482602916658,-0.04506581774912775,0.031055722571909427
deepseek_v2_lite,mean_pool_hs,3,False,-0.0017704963684082031,-0.003454189747571945,0.00012516975402831898
deepseek_v2_lite,mean_pool_hs,3,True,0.007193300407379866,-0.08719057571142912,0.105073827621527
deepseek_v2_lite,mean_pool_hs,4,False,-3.3080577850341797e-06,-5.3353607654571535e-06,-6.854534149169922e-07
deepseek_v2_lite,mean_pool_hs,4,True,0.046109311282634735,-0.28261835109442474,0.4246512313722631
deepseek_v2_lite,mean_pool_hs,5,False,-5.692243576049805e-06,-1.0669231414794922e-05,5.088746547698954e-07
deepseek_v2_lite,mean_pool_hs,5,True,0.040543125942349434,-0.2699354611802846,0.39377747059334056
deepseek_v2_lite,mean_pool_hs,6,False,-9.119510650634766e-06,-1.5319138765335082e-05,-1.2509524822235114e-06
deepseek_v2_lite,mean_pool_hs,6,True,0.028772547841072083,-0.26465960377827286,0.35820747942198067
deepseek_v2_lite,mean_pool_hs,7,False,-1.4632940292358398e-05,-2.3574382066726684e-05,-3.511458635330205e-06
deepseek_v2_lite,mean_pool_hs,7,True,0.019083593040704727,-0.25850627003237603,0.3255820738500915
deepseek_v2_lite,mean_pool_hs,8,False,-1.576542854309082e-05,-2.4706125259399414e-05,-3.9920210838317885e-06
deepseek_v2_lite,mean_pool_hs,8,True,0.013985656201839447,-0.2593507300596684,0.31869814756792036
deepseek_v2_lite,mean_pool_hs,9,False,-2.3305416107177734e-05,-3.4663081169128415e-05,-7.746368646621706e-06
deepseek_v2_lite,mean_pool_hs,9,True,0.006021296605467796,-0.2504646176006645,0.2947992867324501
deepseek_v2_lite,mean_pool_hs,10,False,-3.0338764190673828e-05,-4.798993468284607e-05,-7.181614637374879e-06
deepseek_v2_lite,mean_pool_hs,10,True,0.004426250234246254,-0.24292481010779737,0.2769599246326834
deepseek_v2_lite,mean_pool_hs,11,False,-3.692507743835449e-05,-5.904287099838257e-05,-8.580088615417483e-06
deepseek_v2_lite,mean_pool_hs,11,True,6.51925802230835e-06,-0.23187079881317912,0.2617527660913765
deepseek_v2_lite,mean_pool_hs,12,False,-5.513429641723633e-05,-9.332075715065002e-05,-7.032603025436402e-06
deepseek_v2_lite,mean_pool_hs,12,True,-0.013021470978856087,-0.2327710439451039,0.23692311556078488
deepseek_v2_lite,mean_pool_hs,13,False,-6.696581840515137e-05,-0.00010970905423164367,-1.2433528900146506e-05
deepseek_v2_lite,mean_pool_hs,13,True,-0.011818133294582367,-0.2196530528832227,0.22323370287194846
deepseek_v2_lite,mean_pool_hs,14,False,-7.814168930053711e-05,-0.00012732595205307008,-1.4825165271759048e-05
deepseek_v2_lite,mean_pool_hs,14,True,-0.007747199386358261,-0.20718510765582324,0.2083457764238118
deepseek_v2_lite,mean_pool_hs,15,False,-0.00010278820991516113,-0.0001666828989982605,-2.0286440849304207e-05
deepseek_v2_lite,mean_pool_hs,15,True,-0.00786537304520607,-0.19658886957913638,0.19230261486954986
deepseek_v2_lite,mean_pool_hs,16,False,-0.00012230873107910156,-0.00020371302962303163,-1.8952041864395144e-05
deepseek_v2_lite,mean_pool_hs,16,True,-0.008692272007465363,-0.186280457675457,0.18124961280263957
deepseek_v2_lite,mean_pool_hs,17,False,-0.00018742680549621582,-0.0002888776361942291,-5.138739943504335e-05
deepseek_v2_lite,mean_pool_hs,17,True,-0.01381203904747963,-0.17586651914753018,0.15417029364034526
deepseek_v2_lite,mean_pool_hs,18,False,-0.0002461075782775879,-0.00037614330649375914,-6.481558084487922e-05
deepseek_v2_lite,mean_pool_hs,18,True,-0.014945469796657562,-0.16513544311746955,0.1386699602939188
deepseek_v2_lite,mean_pool_hs,19,False,-0.0003019571304321289,-0.0004797942936420441,-6.391704082489025e-05
deepseek_v2_lite,mean_pool_hs,19,True,-0.021625136956572533,-0.16321724690496922,0.12165369112044572
deepseek_v2_lite,mean_pool_hs,20,False,-0.0003712475299835205,-0.0005834966897964478,-8.74981284141541e-05
deepseek_v2_lite,mean_pool_hs,20,True,-0.018901744857430458,-0.14054140206426383,0.1078404804226011
deepseek_v2_lite,mean_pool_hs,21,False,-0.0004884898662567139,-0.0007661551237106324,-0.00010866075754165669
deepseek_v2_lite,mean_pool_hs,21,True,-0.02464289776980877,-0.13456059377640484,0.091594367288053
deepseek_v2_lite,mean_pool_hs,22,False,-0.0005734562873840332,-0.0009826883673667909,-6.81243836879733e-05
deepseek_v2_lite,mean_pool_hs,22,True,-0.02894027717411518,-0.13322129668667912,0.07988579515367746
deepseek_v2_lite,mean_pool_hs,23,False,-0.0006958544254302979,-0.001222403347492218,-5.824789404869086e-05
deepseek_v2_lite,mean_pool_hs,23,True,-0.030496688559651375,-0.12549493703991174,0.0697261199355125
deepseek_v2_lite,mean_pool_hs,24,False,-0.0011216402053833008,-0.0018500715494155883,-0.00018067881464958212
deepseek_v2_lite,mean_pool_hs,24,True,-0.04219083487987518,-0.12465548114851117,0.04745477912947535
deepseek_v2_lite,mean_pool_hs,25,False,-0.0018728375434875488,-0.003260345757007599,-9.659826755523732e-05
deepseek_v2_lite,mean_pool_hs,25,True,-0.0463044922798872,-0.11019648825749755,0.02224512565881013
deepseek_v2_lite,mean_pool_hs,26,False,-0.0023436248302459717,-0.004270720481872559,9.87276434898373e-06
deepseek_v2_lite,mean_pool_hs,26,True,-0.051745661010500044,-0.10160757582634687,-0.0011758229695260573
deepseek_v2_lite,mean_pool_hs,27,False,-0.00202295184135437,-0.00568397045135498,0.0020720355212688443
deepseek_v2_lite,mean_pool_hs,27,True,-0.035820188000798225,-0.09946995079517365,0.03043160522356629
llama,last_token_hs,0,False,0.0,0.0,0.0
llama,last_token_hs,0,True,0.0,0.0,0.0
llama,last_token_hs,1,False,-0.0013726651668548584,-0.002927812188863754,0.0006028950214385985
llama,last_token_hs,1,True,-0.002105561550706625,-0.1199805511161685,0.11697363900020717
llama,last_token_hs,2,False,-0.002193659543991089,-0.00458352044224739,0.0006625205278396606
llama,last_token_hs,2,True,-0.01465162169188261,-0.11633545532822609,0.0958892330527305
llama,last_token_hs,3,False,-0.0020371675491333008,-0.003879602998495102,0.0002199694514274595
llama,last_token_hs,3,True,-0.019789867103099823,-0.1145971117541194,0.08357627280056475
llama,last_token_hs,4,False,-0.0018068253993988037,-0.003785652667284012,0.0005357563495635982
llama,last_token_hs,4,True,-0.013585243374109268,-0.08500345023348928,0.06157919382676478
llama,last_token_hs,5,False,-0.0024085938930511475,-0.004080714285373687,-0.0004248879849910743
llama,last_token_hs,5,True,-0.026975447311997414,-0.08274275828152895,0.033505337871611085
llama,last_token_hs,6,False,-0.0026172995567321777,-0.0044455863535404205,-2.2468715906143353e-05
llama,last_token_hs,6,True,-0.038808222860097885,-0.09680214561522008,0.03062226111069318
llama,last_token_hs,7,False,-0.004411250352859497,-0.006434901058673859,-0.0014507383108139057
llama,last_token_hs,7,True,-0.06886873301118612,-0.12118341587483883,-0.00358550753444438
llama,last_token_hs,8,False,-0.005172312259674072,-0.007135743647813797,-0.0021308623254299172
llama,last_token_hs,8,True,-0.08719608001410961,-0.13790670912712813,-0.013965630531311045
llama,last_token_hs,9,False,-0.002842932939529419,-0.005545505136251449,0.0004863314330577848
llama,last_token_hs,9,True,-0.12225990928709507,-0.18456940557807683,-0.040214542485773566
llama,last_token_hs,10,False,-0.0021249353885650635,-0.005806314200162888,0.0018743462860584255
llama,last_token_hs,10,True,-0.1249355673789978,-0.19163663517683743,-0.03427893016487361
llama,last_token_hs,11,False,-0.005347102880477905,-0.008984842896461486,-0.0009662017226219193
llama,last_token_hs,11,True,-0.12265703827142715,-0.18344320263713598,-0.04605367854237558
llama,last_token_hs,12,False,-0.004620790481567383,-0.009179896116256714,0.0007332652807235708
llama,last_token_hs,12,True,-0.13635924085974693,-0.205459603946656,-0.05412775678560138
llama,last_token_hs,13,False,-0.00534394383430481,-0.010394410789012909,0.0008369818329811095
llama,last_token_hs,13,True,-0.1639571487903595,-0.2421127397567034,-0.06600273065269
llama,last_token_hs,14,False,-0.010277152061462402,-0.020487190783023832,0.0012068316340446469
llama,last_token_hs,14,True,-0.18122706934809685,-0.25319323744624855,-0.08470011483877898
llama,last_token_hs,15,False,-0.01777586340904236,-0.036469870060682294,0.0019925355911254872
llama,last_token_hs,15,True,-0.18291981518268585,-0.2614063460379839,-0.08427361771464348
llama,last_token_hs,16,False,-0.02469143271446228,-0.04887813925743103,0.0003743603825569133
llama,last_token_hs,16,True,-0.18234222009778023,-0.25837923865765333,-0.08826303966343409
llama,last_token_hs,17,False,-0.028468042612075806,-0.05507148653268814,-0.0010533764958381656
llama,last_token_hs,17,True,-0.17604729905724525,-0.25778936203569175,-0.0794649075716734
llama,last_token_hs,18,False,-0.0451887845993042,-0.07644662633538246,-0.011477942019701006
llama,last_token_hs,18,True,-0.16873498260974884,-0.2509651562198997,-0.074486443400383
llama,last_token_hs,19,False,-0.04628938436508179,-0.08006994128227234,-0.011258355528116229
llama,last_token_hs,19,True,-0.15933369100093842,-0.2424069507047534,-0.06845785081386567
llama,last_token_hs,20,False,-0.04597577452659607,-0.08535141274333,-0.006677563488483429
llama,last_token_hs,20,True,-0.15054644085466862,-0.237934260815382,-0.058366557769477384
llama,last_token_hs,21,False,-0.047603726387023926,-0.0912961907684803,-0.004388397186994562
llama,last_token_hs,21,True,-0.14755601063370705,-0.2336937624961138,-0.05824328362941742
llama,last_token_hs,22,False,-0.05025234818458557,-0.10068406909704208,-1.7825514078143806e-05
llama,last_token_hs,22,True,-0.14205977879464626,-0.23180125737562776,-0.04737749863415957
llama,last_token_hs,23,False,-0.05458194017410278,-0.10416701063513756,-0.0037705510854721207
llama,last_token_hs,23,True,-0.14004444517195225,-0.22234275173395873,-0.052404929511249074
llama,last_token_hs,24,False,-0.060969263315200806,-0.10809111297130584,-0.009959822148084642
llama,last_token_hs,24,True,-0.16966751217842102,-0.24800425320863723,-0.07802661396563053
llama,last_token_hs,25,False,-0.060282886028289795,-0.10516062751412392,-0.012164266407489804
llama,last_token_hs,25,True,-0.17823521047830582,-0.2537952624261379,-0.08412474896758795
llama,last_token_hs,26,False,-0.0566219687461853,-0.10362758189439773,-0.010003536939621
llama,last_token_hs,26,True,-0.16763784736394882,-0.2398004351183772,-0.08208157029002906
llama,last_token_hs,27,False,-0.052618563175201416,-0.09645575061440467,-0.00865597799420357
llama,last_token_hs,27,True,-0.15954318270087242,-0.22958843205124138,-0.07478314377367497
llama,last_token_hs,28,False,-0.05665028095245361,-0.09928957670927048,-0.014250393956899648
llama,last_token_hs,28,True,-0.15496922843158245,-0.22552813552320003,-0.07339747026562693
llama,last_token_hs,29,False,-0.0662909746170044,-0.109113659709692,-0.01997467502951623
llama,last_token_hs,29,True,-0.15735396929085255,-0.22304223841056228,-0.07800230020657187
llama,last_token_hs,30,False,-0.06805714964866638,-0.10931157395243644,-0.022828945517539986
llama,last_token_hs,30,True,-0.1501390766352415,-0.21287803007289768,-0.0741939801722765
llama,last_token_hs,31,False,-0.0789792537689209,-0.12073691934347153,-0.031663692742586146
llama,last_token_hs,31,True,-0.14595562405884266,-0.203923718072474,-0.0746637931093574
llama,last_token_hs,32,False,-0.10166105628013611,-0.14335837587714195,-0.050313942879438404
llama,last_token_hs,32,True,-0.13545098435133696,-0.19577208142727615,-0.0646904961206019
llama,mean_pool_hs,0,False,-0.005330502986907959,-0.0076671548187732695,-0.001698271930217745
llama,mean_pool_hs,0,True,-0.014695250429213047,-0.037909190857317296,0.01007288140244781
llama,mean_pool_hs,1,False,-0.0007191300392150879,-0.0012033723294734954,-9.78134572505955e-05
llama,mean_pool_hs,1,True,-0.02090452890843153,-0.04742032145150006,0.008077427931129928
llama,mean_pool_hs,2,False,-3.3974647521972656e-06,-5.514174699783325e-06,-6.839632987976088e-07
llama,mean_pool_hs,2,True,-0.02563406051194761,-0.07455436130985618,0.0274668893776834
llama,mean_pool_hs,3,False,-1.195073127746582e-05,-1.8150359392166137e-05,-3.811717033386233e-06
llama,mean_pool_hs,3,True,-0.028689656755886972,-0.06593245603144168,0.012016962189227341
llama,mean_pool_hs,4,False,-3.1620264053344727e-05,-4.5301765203475954e-05,-1.0757893323898316e-05
llama,mean_pool_hs,4,True,-0.0422187308431603,-0.0817022504284978,0.0005648160353302954
llama,mean_pool_hs,5,False,-8.741021156311035e-05,-0.0001173071563243866,-3.790482878685e-05
llama,mean_pool_hs,5,True,-0.048679336439818144,-0.08762936545535922,-0.005501714907586581
llama,mean_pool_hs,6,False,-0.0001303553581237793,-0.0001728266477584839,-6.010010838508607e-05
llama,mean_pool_hs,6,True,-0.0541793922893703,-0.09305575620383025,-0.009295130334794536
llama,mean_pool_hs,7,False,-0.0001691281795501709,-0.00023095831274986268,-7.223412394523621e-05
llama,mean_pool_hs,7,True,-0.06484934268519282,-0.10603004060685635,-0.01852382798679174
llama,mean_pool_hs,8,False,-0.00020366907119750977,-0.00027721673250198365,-8.799731731414796e-05
llama,mean_pool_hs,8,True,-0.07353500463068485,-0.11675951071083546,-0.021750372741371413
llama,mean_pool_hs,9,False,-0.000233381986618042,-0.00032536834478378294,-8.971393108367927e-05
llama,mean_pool_hs,9,True,-0.08013862557709217,-0.12408666927367448,-0.026806973945349456
llama,mean_pool_hs,10,False,-0.00026795268058776855,-0.0003629639744758606,-0.00011311918497085573
llama,mean_pool_hs,10,True,-0.08894532825797796,-0.13530559241771697,-0.030438922345638275
llama,mean_pool_hs,11,False,-0.0002887248992919922,-0.0003873862326145172,-0.00012080520391464234
llama,mean_pool_hs,11,True,-0.10171115957200527,-0.14992111325263976,-0.039973015524446966
llama,mean_pool_hs,12,False,-0.00026276707649230957,-0.00035910457372665403,-9.852573275566106e-05
llama,mean_pool_hs,12,True,-0.10616531781852245,-0.15657908841967583,-0.04341583987697959
llama,mean_pool_hs,13,False,-0.00029480457305908203,-0.00043088123202323915,-7.536038756370545e-05
llama,mean_pool_hs,13,True,-0.1042212713509798,-0.15761843826621771,-0.0390991173684597
llama,mean_pool_hs,14,False,-0.00032961368560791016,-0.0004955746233463287,-8.44933092594147e-05
llama,mean_pool_hs,14,True,-0.10237284004688263,-0.15633427891880275,-0.03821132872253659
llama,mean_pool_hs,15,False,-0.00035819411277770996,-0.0005305930972099304,-0.0001016318798065186
llama,mean_pool_hs,15,True,-0.0989050455391407,-0.1511742988601327,-0.037068038526922496
llama,mean_pool_hs,16,False,-0.0005024373531341553,-0.0007247544825077056,-0.00013999044895172128
llama,mean_pool_hs,16,True,-0.08287703990936279,-0.12851692214608193,-0.02971293795853853
llama,mean_pool_hs,17,False,-0.0005085766315460205,-0.0008006729185581207,-7.148161530494694e-05
llama,mean_pool_hs,17,True,-0.07560619059950113,-0.12010276205837726,-0.02364296317100525
llama,mean_pool_hs,18,False,-0.0007231831550598145,-0.0010743767023086547,-0.00017465725541114814
llama,mean_pool_hs,18,True,-0.07161128311417997,-0.11202691178768873,-0.02386506963521244
llama,mean_pool_hs,19,False,-0.0008129775524139404,-0.001196182519197464,-0.00021920427680015574
llama,mean_pool_hs,19,True,-0.06928827241063118,-0.11067311754450201,-0.022792410757392648
llama,mean_pool_hs,20,False,-0.0008562207221984863,-0.0012994281947612762,-0.0001799188554286958
llama,mean_pool_hs,20,True,-0.06426237005507573,-0.10498527027666568,-0.018681232165545247
llama,mean_pool_hs,21,False,-0.0009191930294036865,-0.0014097318053245544,-0.00017789751291275033
llama,mean_pool_hs,21,True,-0.059489238075912,-0.09744452405720949,-0.016050846129655842
llama,mean_pool_hs,22,False,-0.0013258755207061768,-0.0019364848732948304,-0.0004005558788776399
llama,mean_pool_hs,22,True,-0.05700628785416484,-0.0943718370050192,-0.014456042181700485
llama,mean_pool_hs,23,False,-0.0016564428806304932,-0.0023979194462299346,-0.0005390666425228128
llama,mean_pool_hs,23,True,-0.054643134120851755,-0.09106448106467724,-0.013985591195523773
llama,mean_pool_hs,24,False,-0.0018101930618286133,-0.0026915863156318663,-0.0005499936640262607
llama,mean_pool_hs,24,True,-0.05470213899388909,-0.09169073626399041,-0.012639438267797233
llama,mean_pool_hs,25,False,-0.0019611716270446777,-0.002946352958679199,-0.0005575060844421388
llama,mean_pool_hs,25,True,-0.05354400910437107,-0.09262063093483448,-0.010963635053485646
llama,mean_pool_hs,26,False,-0.0021075010299682617,-0.0031950250267982483,-0.0005512729287147526
llama,mean_pool_hs,26,True,-0.05323601979762316,-0.09056095303967596,-0.012910698354244257
llama,mean_pool_hs,27,False,-0.0023167431354522705,-0.0035282060503959655,-0.0004934027791023255
llama,mean_pool_hs,27,True,-0.051518225111067295,-0.08807774921879172,-0.011135907843708994
llama,mean_pool_hs,28,False,-0.0023337602615356445,-0.0035698667168617246,-0.000500718504190445
llama,mean_pool_hs,28,True,-0.049749571830034256,-0.0858495163731277,-0.008561291359364998
llama,mean_pool_hs,29,False,-0.0027423501014709473,-0.004115413874387741,-0.0007021144032478334
llama,mean_pool_hs,29,True,-0.0524563854560256,-0.08905505808070302,-0.010026484262198217
llama,mean_pool_hs,30,False,-0.003125697374343872,-0.004628011584281921,-0.000920923799276352
llama,mean_pool_hs,30,True,-0.05352844181470573,-0.09237812859937548,-0.01084305942058565
llama,mean_pool_hs,31,False,-0.003917515277862549,-0.005632268637418747,-0.0013460151851177223
llama,mean_pool_hs,31,True,-0.054413986625149846,-0.09694426795467734,-0.005551932286471139
llama,mean_pool_hs,32,False,-0.017219126224517822,-0.023613910377025604,-0.0074121244251728075
llama,mean_pool_hs,32,True,-0.06318960420321673,-0.106343749538064,-0.017072566784918326
llama_base,last_token_hs,0,False,0.0,0.0,0.0
llama_base,last_token_hs,0,True,0.0,0.0,0.0
llama_base,last_token_hs,1,False,-0.0028664469718933105,-0.005220245569944382,-0.0002738818526268007
llama_base,last_token_hs,1,True,-0.011637648101896048,-0.044357186555862425,0.027631193771958332
llama_base,last_token_hs,2,False,-0.002874523401260376,-0.00594148188829422,0.00045300424098968493
llama_base,last_token_hs,2,True,-0.005757485516369343,-0.023467649007216096,0.013278695766348388
llama_base,last_token_hs,3,False,-0.00484156608581543,-0.008608168363571167,-1.916140317917152e-05
llama_base,last_token_hs,3,True,-0.01622481062076986,-0.03358121718047187,0.005886135878972706
llama_base,last_token_hs,4,False,-0.009300678968429565,-0.02133658677339554,0.005206530541181562
llama_base,last_token_hs,4,True,-0.011937340255826712,-0.027654351107776164,0.009620537608861912
llama_base,last_token_hs,5,False,-0.009101033210754395,-0.024188797175884246,0.007732009142637251
llama_base,last_token_hs,5,True,-0.017752162646502256,-0.037394584901630876,0.005509965121746062
llama_base,last_token_hs,6,False,-0.006508201360702515,-0.023430435359477995,0.012932541221380229
llama_base,last_token_hs,6,True,-0.02548367960844189,-0.04748437013477087,-0.0016882555093616248
llama_base,last_token_hs,7,False,-0.003533780574798584,-0.024701016396284102,0.01767910942435264
llama_base,last_token_hs,7,True,-0.03943604603409767,-0.07253470122814179,-0.0050685259513557
llama_base,last_token_hs,8,False,-0.0008674561977386475,-0.027988053858280182,0.024813561886548995
llama_base,last_token_hs,8,True,-0.042791019775904715,-0.08377923555672169,-0.002233351184986536
llama_base,last_token_hs,9,False,0.0025252103805541992,-0.02944040670990944,0.032818923890590664
llama_base,last_token_hs,9,True,-0.05954704526811838,-0.10840965574607253,-0.006633684597909452
llama_base,last_token_hs,10,False,-0.0058734118938446045,-0.037078558653593066,0.026638389378786084
llama_base,last_token_hs,10,True,-0.07163544371724129,-0.13179369028657675,-0.007231697253882889
llama_base,last_token_hs,11,False,-0.0051451027393341064,-0.04289880245923996,0.03218646198511123
llama_base,last_token_hs,11,True,-0.08176157344132662,-0.15096862632781266,-0.009138606302440167
llama_base,last_token_hs,12,False,-0.022008448839187622,-0.06272296011447906,0.01916334927082062
llama_base,last_token_hs,12,True,-0.08410970866680145,-0.15799227291718126,-0.0048496717587113505
llama_base,last_token_hs,13,False,-0.0259304940700531,-0.06298031881451607,0.01102916672825813
llama_base,last_token_hs,13,True,-0.09088482614606619,-0.16639219904318453,-0.012608127389103177
llama_base,last_token_hs,14,False,-0.03030756115913391,-0.0710146702826023,0.010055204480886438
llama_base,last_token_hs,14,True,-0.09376146085560322,-0.17561060739681125,-0.008912352286279233
llama_base,last_token_hs,15,False,-0.04010230302810669,-0.08232186511158943,0.004870248585939394
llama_base,last_token_hs,15,True,-0.09014242887496948,-0.1779412429779768,-0.0026255725882947897
llama_base,last_token_hs,16,False,-0.05037611722946167,-0.09258942604064942,-0.0037258736789226557
llama_base,last_token_hs,16,True,-0.08653988130390644,-0.17916147080250083,0.00811686216620728
llama_base,last_token_hs,17,False,-0.043171703815460205,-0.08645695522427559,0.0037503004074096622
llama_base,last_token_hs,17,True,-0.08851724676787853,-0.1861091662198305,0.010842218133620903
llama_base,last_token_hs,18,False,-0.042984187602996826,-0.08954278901219367,0.0038028314709663367
llama_base,last_token_hs,18,True,-0.0928712785243988,-0.192055555107072,0.004122513695619987
llama_base,last_token_hs,19,False,-0.04985326528549194,-0.10083222836256027,0.0035953477025032032
llama_base,last_token_hs,19,True,-0.09472141787409782,-0.196841992251575,0.00106999295530838
llama_base,last_token_hs,20,False,-0.0476531982421875,-0.09581883251667023,0.002458871155977232
llama_base,last_token_hs,20,True,-0.09385447390377522,-0.1974566490156576,0.0027291576261631884
llama_base,last_token_hs,21,False,-0.039145827293395996,-0.08496714979410172,0.007946830242872238
llama_base,last_token_hs,21,True,-0.08854502998292446,-0.1862860153421934,0.00555295046924584
llama_base,last_token_hs,22,False,-0.035936325788497925,-0.07685429155826569,0.007257250696420662
llama_base,last_token_hs,22,True,-0.0789419636130333,-0.16544135948643088,0.0032779208529973188
llama_base,last_token_hs,23,False,-0.03358745574951172,-0.07013992816209794,0.006570295244455336
llama_base,last_token_hs,23,True,-0.07602857518941164,-0.1580127767228987,0.0030628434964455643
llama_base,last_token_hs,24,False,-0.03180009126663208,-0.06718998178839683,0.006046912074089049
llama_base,last_token_hs,24,True,-0.07231836672872305,-0.1481907713052351,0.0019272523059043955
llama_base,last_token_hs,25,False,-0.03047880530357361,-0.06363145112991334,0.005287826806306827
llama_base,last_token_hs,25,True,-0.07007299456745386,-0.14366542476927863,0.0005141549045219977
llama_base,last_token_hs,26,False,-0.03203845024108887,-0.06355014815926552,0.0026483453810214985
llama_base,last_token_hs,26,True,-0.06958145555108786,-0.14319594994885848,-0.0005936419707723085
llama_base,last_token_hs,27,False,-0.03159371018409729,-0.061609543114900585,0.0012758284807205186
llama_base,last_token_hs,27,True,-0.06913811713457108,-0.1407951886183582,-0.0014161179773509592
llama_base,last_token_hs,28,False,-0.033118635416030884,-0.06332040876150132,0.0004552990198135374
llama_base,last_token_hs,28,True,-0.06855484750121832,-0.1380320533120539,-0.003008285030955458
llama_base,last_token_hs,29,False,-0.03163021802902222,-0.06152515187859535,0.0007099293172359449
llama_base,last_token_hs,29,True,-0.07041956577450037,-0.1398398402845487,-0.003932743926998228
llama_base,last_token_hs,30,False,-0.034196555614471436,-0.06424794346094131,-0.002320259809494021
llama_base,last_token_hs,30,True,-0.06814949121326208,-0.1328852852457203,-0.006175452849129239
llama_base,last_token_hs,31,False,-0.03533950448036194,-0.06578993126749992,-0.0030079983174800895
llama_base,last_token_hs,31,True,-0.07723545283079147,-0.14739345702691936,-0.006785844126716264
llama_base,last_token_hs,32,False,-0.03218519687652588,-0.07267807349562645,0.010508491098880765
llama_base,last_token_hs,32,True,-0.13014121167361736,-0.22252348877955228,-0.013221596507355582
llama_base,mean_pool_hs,0,False,0.007517188787460327,-0.00568738579750061,0.021386648714542385
llama_base,mean_pool_hs,0,True,-0.012339003384113312,-0.03421779815107584,0.010090600280091155
llama_base,mean_pool_hs,1,False,-0.003662317991256714,-0.006608687341213226,0.00010959208011627126
llama_base,mean_pool_hs,1,True,-0.016358541790395975,-0.040374737791717054,0.008765507582575075
llama_base,mean_pool_hs,2,False,-2.065300941467285e-05,-3.2845884561538696e-05,-5.586445331573501e-06
llama_base,mean_pool_hs,2,True,-0.005481544241774827,-0.07293792264536023,0.06263468572869894
llama_base,mean_pool_hs,3,False,-7.405877113342285e-05,-0.0001055002212524414,-2.819076180458069e-05
llama_base,mean_pool_hs,3,True,-0.020202087238430977,-0.06931054685264826,0.0284020971506834
llama_base,mean_pool_hs,4,False,-0.00016796588897705078,-0.00024459436535835267,-5.799084901809698e-05
llama_base,mean_pool_hs,4,True,-0.03644663165323436,-0.08127069678157568,0.008874816633760925
llama_base,mean_pool_hs,5,False,-0.0003560781478881836,-0.0004992030560970306,-0.00013098940253257759
llama_base,mean_pool_hs,5,True,-0.047080036252737045,-0.08813835689797997,-0.0009404926560819158
llama_base,mean_pool_hs,6,False,-0.0005492568016052246,-0.0007632501423358917,-0.00020726472139358528
llama_base,mean_pool_hs,6,True,-0.057139229495078325,-0.09770210310816765,-0.009858614020049573
llama_base,mean_pool_hs,7,False,-0.0007257759571075439,-0.0010183051228523255,-0.0002835340797901154
llama_base,mean_pool_hs,7,True,-0.0668286681175232,-0.10926811285316944,-0.020547250472009206
llama_base,mean_pool_hs,8,False,-0.0009201765060424805,-0.0013064324855804443,-0.00035965070128440857
llama_base,mean_pool_hs,8,True,-0.08085991069674492,-0.12803854551166297,-0.030064584966748954
llama_base,mean_pool_hs,9,False,-0.0010030865669250488,-0.0014824755489826202,-0.00035238191485404996
llama_base,mean_pool_hs,9,True,-0.08911608904600143,-0.13628384871408344,-0.03683885838836432
llama_base,mean_pool_hs,10,False,-0.001234292984008789,-0.0017780184745788575,-0.00046821013092994694
llama_base,mean_pool_hs,10,True,-0.0937177985906601,-0.14269577246159315,-0.03591343471780421
llama_base,mean_pool_hs,11,False,-0.001360774040222168,-0.0019220516085624694,-0.000570843368768692
llama_base,mean_pool_hs,11,True,-0.103464649990201,-0.15526862759143115,-0.04481064910069108
llama_base,mean_pool_hs,12,False,-0.0012867450714111328,-0.0018385559320449828,-0.0005181021988391877
llama_base,mean_pool_hs,12,True,-0.10354214161634445,-0.15707401623949407,-0.04128558533266187
llama_base,mean_pool_hs,13,False,-0.001458972692489624,-0.0022104494273662567,-0.00044820159673690816
llama_base,mean_pool_hs,13,True,-0.09838319197297096,-0.15489729028195143,-0.03641393398866058
llama_base,mean_pool_hs,14,False,-0.0017676949501037598,-0.0026200070977211,-0.0005413427948951721
llama_base,mean_pool_hs,14,True,-0.09554062783718109,-0.15583528410643338,-0.03485821895301342
llama_base,mean_pool_hs,15,False,-0.002104461193084717,-0.0030814260244369507,-0.0007683843374252323
llama_base,mean_pool_hs,15,True,-0.09575081616640091,-0.1506099605932832,-0.03775823460891843
llama_base,mean_pool_hs,16,False,-0.0032638907432556152,-0.004595116525888443,-0.0013614930212497716
llama_base,mean_pool_hs,16,True,-0.08795156516134739,-0.14039562391117216,-0.034217657893896115
llama_base,mean_pool_hs,17,False,-0.003504633903503418,-0.005051016807556152,-0.00127718672156334
llama_base,mean_pool_hs,17,True,-0.08370564132928848,-0.13742352593690157,-0.028295526886358866
llama_base,mean_pool_hs,18,False,-0.005079984664916992,-0.006890470534563065,-0.0023460425436496748
llama_base,mean_pool_hs,18,True,-0.08758186222985387,-0.13503534952178597,-0.03685918338596821
llama_base,mean_pool_hs,19,False,-0.005707472562789917,-0.007794099301099778,-0.0025974325835704803
llama_base,mean_pool_hs,19,True,-0.08701448980718851,-0.13343315050005913,-0.03793459143489599
llama_base,mean_pool_hs,20,False,-0.006156265735626221,-0.008469123393297195,-0.0027638860046863556
llama_base,mean_pool_hs,20,True,-0.08293776772916317,-0.12777045611292123,-0.03432908477261663
llama_base,mean_pool_hs,21,False,-0.006767928600311279,-0.00950901061296463,-0.002964087575674057
llama_base,mean_pool_hs,21,True,-0.07422608812339604,-0.11667703259736299,-0.029544284567236914
llama_base,mean_pool_hs,22,False,-0.009035885334014893,-0.012705716490745544,-0.0041823722422122955
llama_base,mean_pool_hs,22,True,-0.07489625812740996,-0.11371146431192755,-0.03215067815035582
llama_base,mean_pool_hs,23,False,-0.011109590530395508,-0.015581987798213959,-0.005279566347599031
llama_base,mean_pool_hs,23,True,-0.07547813339624554,-0.11461092978715896,-0.03128262422978878
llama_base,mean_pool_hs,24,False,-0.011739641427993774,-0.01679213494062424,-0.005430701375007636
llama_base,mean_pool_hs,24,True,-0.07389874884060532,-0.11284661609679461,-0.028991312813013797
llama_base,mean_pool_hs,25,False,-0.012037128210067749,-0.017422863095998765,-0.005318754166364671
llama_base,mean_pool_hs,25,True,-0.07232821472280193,-0.11288170963525772,-0.026075557619333275
llama_base,mean_pool_hs,26,False,-0.012328475713729858,-0.017911581695079802,-0.005350891500711445
llama_base,mean_pool_hs,26,True,-0.07243297260720283,-0.1123278290964663,-0.0267771914601326
llama_base,mean_pool_hs,27,False,-0.012328684329986572,-0.018065913021564482,-0.004958342760801317
llama_base,mean_pool_hs,27,True,-0.07222683381860406,-0.11182973058894277,-0.026942758820950985
llama_base,mean_pool_hs,28,False,-0.011635690927505493,-0.017370137572288512,-0.004404086619615556
llama_base,mean_pool_hs,28,True,-0.07198360012262128,-0.11212960090488196,-0.02699189926497639
llama_base,mean_pool_hs,29,False,-0.012255072593688965,-0.0182808093726635,-0.004770864546298981
llama_base,mean_pool_hs,29,True,-0.07456071965862066,-0.11423884211108089,-0.02796738957986236
llama_base,mean_pool_hs,30,False,-0.01299065351486206,-0.019422151893377305,-0.005014105886220934
llama_base,mean_pool_hs,30,True,-0.07990068045910448,-0.12353186160326005,-0.03369909031316638
llama_base,mean_pool_hs,31,False,-0.01507788896560669,-0.02280142828822136,-0.005897390842437745
llama_base,mean_pool_hs,31,True,-0.08315600315108895,-0.12913084896281363,-0.03385480744764209
llama_base,mean_pool_hs,32,False,-0.03744751214981079,-0.06397822722792626,-0.008765583485364926
llama_base,mean_pool_hs,32,True,-0.11071138340048492,-0.163389652967453,-0.05047484403476121
mistral,last_token_hs,0,False,0.0,0.0,0.0
mistral,last_token_hs,0,True,0.0,0.0,0.0
mistral,last_token_hs,1,False,0.00036284327507019043,-0.0019798338413238525,0.002327603101730346
mistral,last_token_hs,1,True,-0.03413718589581549,-0.08963585654273629,0.0319080326706171
mistral,last_token_hs,2,False,0.0019195079803466797,-0.008534420281648636,0.010265135765075683
mistral,last_token_hs,2,True,-0.012269529514014721,-0.04491559127345681,0.024881454929709425
mistral,last_token_hs,3,False,-0.005114465951919556,-0.012465750426054,0.002362173795700071
mistral,last_token_hs,3,True,-0.016761467792093754,-0.05060864803381264,0.01895621865987777
mistral,last_token_hs,4,False,-0.002155482769012451,-0.009153208136558533,0.005014801770448684
mistral,last_token_hs,4,True,-0.012443186715245247,-0.04828114546835423,0.02337068449705839
mistral,last_token_hs,5,False,-0.005546510219573975,-0.014691036194562912,0.004155831038951873
mistral,last_token_hs,5,True,-0.012989906826987863,-0.07269483832642436,0.0515017783269286
mistral,last_token_hs,6,False,-0.010382115840911865,-0.018629617989063263,-0.0005108259618282348
mistral,last_token_hs,6,True,-0.015612913848599419,-0.07320031337440014,0.0469239680096507
mistral,last_token_hs,7,False,-0.010562151670455933,-0.01587817817926407,-0.0030324250459671026
mistral,last_token_hs,7,True,-0.026797795202583075,-0.08647689227946102,0.04291246384382247
mistral,last_token_hs,8,False,-0.014154553413391113,-0.02036008909344673,-0.004799331724643708
mistral,last_token_hs,8,True,-0.04235331900417805,-0.09209292270243168,0.018982103932648896
mistral,last_token_hs,9,False,-0.017970293760299683,-0.025492502748966216,-0.00642194226384163
mistral,last_token_hs,9,True,-0.04968930874019861,-0.09884026627987623,0.009408422466367476
mistral,last_token_hs,10,False,-0.018340498208999634,-0.02611676976084709,-0.00659264698624611
mistral,last_token_hs,10,True,-0.06830969778820872,-0.11802414702251553,-0.00899845119565726
mistral,last_token_hs,11,False,-0.014088153839111328,-0.021030515432357788,-0.0037013009190559405
mistral,last_token_hs,11,True,-0.0843013129197061,-0.13497251011431216,-0.022416080161929135
mistral,last_token_hs,12,False,-0.015958130359649658,-0.024047127366065978,-0.00289302244782448
mistral,last_token_hs,12,True,-0.1372960584703833,-0.2019291584379971,-0.055778132006526
mistral,last_token_hs,13,False,-0.01225695013999939,-0.01884801685810089,-0.0017622180283069667
mistral,last_token_hs,13,True,-0.1395363756455481,-0.20343541894108058,-0.055698503553867344
mistral,last_token_hs,14,False,-0.014445632696151733,-0.02182193398475647,-0.003623122721910478
mistral,last_token_hs,14,True,-0.15239209588617086,-0.2185402151197195,-0.06699221599847079
mistral,last_token_hs,15,False,-0.016865521669387817,-0.025999517738819124,-0.00502344220876694
mistral,last_token_hs,15,True,-0.16065973229706287,-0.22670672042295337,-0.07100259121507409
mistral,last_token_hs,16,False,-0.016260981559753418,-0.027777771651744842,-0.0029818110167980196
mistral,last_token_hs,16,True,-0.1632920993724838,-0.22661275789141655,-0.07578007336705923
mistral,last_token_hs,17,False,-0.01683872938156128,-0.029571636766195297,-0.0018477402627468111
mistral,last_token_hs,17,True,-0.15589927998371422,-0.22559145465493202,-0.061271391808986685
mistral,last_token_hs,18,False,-0.016359925270080566,-0.02948673292994499,0.0008256442844867653
mistral,last_token_hs,18,True,-0.15265430719591677,-0.22510113008320332,-0.05296340649947527
mistral,last_token_hs,19,False,-0.023385196924209595,-0.03740382120013237,-0.0038549780845642113
mistral,last_token_hs,19,True,-0.12891840422526002,-0.19258748460561037,-0.03693697387352588
mistral,last_token_hs,20,False,-0.026566118001937866,-0.040397626161575315,-0.006852774322032933
mistral,last_token_hs,20,True,-0.10855592414736748,-0.1682154110632837,-0.02898698961362244
mistral,last_token_hs,21,False,-0.029255837202072144,-0.04395015686750412,-0.008164246380329138
mistral,last_token_hs,21,True,-0.09234816767275333,-0.1437903318554163,-0.023155757645145103
mistral,last_token_hs,22,False,-0.031892329454422,-0.047128412127494815,-0.010077176988124853
mistral,last_token_hs,22,True,-0.08597038500010967,-0.13160039568319917,-0.023370538651943207
mistral,last_token_hs,23,False,-0.034167468547821045,-0.05023341104388237,-0.011548400670289994
mistral,last_token_hs,23,True,-0.08338954113423824,-0.1270944125019014,-0.02348231435753407
mistral,last_token_hs,24,False,-0.035491734743118286,-0.05165753588080406,-0.013251736015081408
mistral,last_token_hs,24,True,-0.0809670127928257,-0.1241071225143969,-0.022784426622092752
mistral,last_token_hs,25,False,-0.035764217376708984,-0.05228145197033882,-0.013475652039051057
mistral,last_token_hs,25,True,-0.07191076222807169,-0.10909929536283017,-0.021456397138535987
mistral,last_token_hs,26,False,-0.03507623076438904,-0.051705241203308105,-0.012771136313676835
mistral,last_token_hs,26,True,-0.06483238190412521,-0.09858181006275117,-0.019287822954356673
mistral,last_token_hs,27,False,-0.03557771444320679,-0.05166322216391563,-0.014087464660406121
mistral,last_token_hs,27,True,-0.062222410924732685,-0.0937159494147636,-0.018725261883810164
mistral,last_token_hs,28,False,-0.03238022327423096,-0.048364189267158506,-0.011155667901039126
mistral,last_token_hs,28,True,-0.05810475908219814,-0.08842291245236993,-0.01560256308875979
mistral,last_token_hs,29,False,-0.03250816464424133,-0.04727903231978416,-0.013119128346443187
mistral,last_token_hs,29,True,-0.056297868490219116,-0.08809044966474175,-0.013474888168275367
mistral,last_token_hs,30,False,-0.02776774764060974,-0.04066432043910027,-0.010722365230321888
mistral,last_token_hs,30,True,-0.052145390887744725,-0.0828199228271842,-0.012434717034921064
mistral,last_token_hs,31,False,-0.025013089179992676,-0.03747017383575439,-0.008143336325883866
mistral,last_token_hs,31,True,-0.04938680259510875,-0.07887658808613196,-0.011211416055448363
mistral,last_token_hs,32,False,-0.023018062114715576,-0.036918751895427704,-0.005785384029150011
mistral,last_token_hs,32,True,-0.0451599380467087,-0.07557926040171878,-0.0070585833047516686
mistral,mean_pool_hs,0,False,-0.011966884136199951,-0.024442966282367706,0.0021859794855117773
mistral,mean_pool_hs,0,True,-0.012274520937353373,-0.037372356420382856,0.015479400148615235
mistral,mean_pool_hs,1,False,-0.0011335313320159912,-0.001791244000196457,-0.00021983236074447682
mistral,mean_pool_hs,1,True,0.013892335817217827,-0.1136313583701849,0.19009757698513566
mistral,mean_pool_hs,2,False,-2.592802047729492e-06,-3.874301910400391e-06,-8.635222911834724e-07
mistral,mean_pool_hs,2,True,0.014212287031114101,-0.13949760207906364,0.23110003946349023
mistral,mean_pool_hs,3,False,-6.0498714447021484e-06,-8.912384510040284e-06,-1.9371509552001953e-06
mistral,mean_pool_hs,3,True,0.0019592158496379852,-0.1027079633437097,0.15148877897299823
mistral,mean_pool_hs,4,False,-1.7702579498291016e-05,-2.3546069860458375e-05,-8.016824722290039e-06
mistral,mean_pool_hs,4,True,-0.019345584325492382,-0.09234711518511177,0.08001081985421475
mistral,mean_pool_hs,5,False,-3.409385681152344e-05,-4.5929849147796634e-05,-1.5822052955627444e-05
mistral,mean_pool_hs,5,True,-0.02727468591183424,-0.09049103632569314,0.052052042726427314
mistral,mean_pool_hs,6,False,-7.480382919311523e-05,-9.853020310401917e-05,-3.801211714744569e-05
mistral,mean_pool_hs,6,True,-0.043013242073357105,-0.09223768701776862,0.017100785346701734
mistral,mean_pool_hs,7,False,-0.00012069940567016602,-0.00015648677945137023,-6.29834830760956e-05
mistral,mean_pool_hs,7,True,-0.054767983965575695,-0.10204876270145177,0.0010207430459558656
mistral,mean_pool_hs,8,False,-0.0001703500747680664,-0.0002276316285133362,-8.408576250076296e-05
mistral,mean_pool_hs,8,True,-0.05830269306898117,-0.10761339766904712,0.0006985126994550181
mistral,mean_pool_hs,9,False,-0.00021880865097045898,-0.00028986856341362,-0.00010519251227378846
mistral,mean_pool_hs,9,True,-0.06391159817576408,-0.11238914467394352,-0.00531239891424776
mistral,mean_pool_hs,10,False,-0.0002586543560028076,-0.0003456510603427887,-0.00012541711330413822
mistral,mean_pool_hs,10,True,-0.07441510632634163,-0.12460582219064235,-0.014049446303397434
mistral,mean_pool_hs,11,False,-0.0003197789192199707,-0.0004282072186470032,-0.00014349669218063354
mistral,mean_pool_hs,11,True,-0.0862425621598959,-0.13660294394940137,-0.024985959567129616
mistral,mean_pool_hs,12,False,-0.0003688633441925049,-0.0004977323114871979,-0.00015825107693672182
mistral,mean_pool_hs,12,True,-0.09475303068757057,-0.14970484599471093,-0.027264512516558172
mistral,mean_pool_hs,13,False,-0.00043895840644836426,-0.000592368096113205,-0.00020152851939201366
mistral,mean_pool_hs,13,True,-0.09931348077952862,-0.15735513288527728,-0.03192423740401866
mistral,mean_pool_hs,14,False,-0.0005486011505126953,-0.000723545253276825,-0.00025761500000953674
mistral,mean_pool_hs,14,True,-0.10134056210517883,-0.15583629719913006,-0.03409965839236975
mistral,mean_pool_hs,15,False,-0.0006890594959259033,-0.0009218379855155945,-0.000333920866250992
mistral,mean_pool_hs,15,True,-0.10694512911140919,-0.16086349310353398,-0.042567004915326834
mistral,mean_pool_hs,16,False,-0.0008684694766998291,-0.0011450901627540588,-0.0004061207175254823
mistral,mean_pool_hs,16,True,-0.09886597283184528,-0.14881218140944838,-0.042462432198226464
mistral,mean_pool_hs,17,False,-0.0013000667095184326,-0.0017265431582927705,-0.0006245203316211701
mistral,mean_pool_hs,17,True,-0.10067996755242348,-0.14822548730298876,-0.044254051987081766
mistral,mean_pool_hs,18,False,-0.0016242265701293945,-0.0021519482135772703,-0.0008040904998779299
mistral,mean_pool_hs,18,True,-0.09639065712690353,-0.14100457839667796,-0.043488127272576095
mistral,mean_pool_hs,19,False,-0.0025228559970855713,-0.0032990120351314546,-0.0012443616986274719
mistral,mean_pool_hs,19,True,-0.08983045909553766,-0.13108815094456078,-0.03958941707387567
mistral,mean_pool_hs,20,False,-0.003639698028564453,-0.004787125438451767,-0.001740657538175583
mistral,mean_pool_hs,20,True,-0.08559920126572251,-0.12376778712496161,-0.040265412814915184
mistral,mean_pool_hs,21,False,-0.0044307708740234375,-0.005882591754198074,-0.0020917803049087524
mistral,mean_pool_hs,21,True,-0.07512402872089297,-0.11387730455026031,-0.032232807017862804
mistral,mean_pool_hs,22,False,-0.00532078742980957,-0.007292110472917557,-0.002364907413721085
mistral,mean_pool_hs,22,True,-0.07239796954672784,-0.11011903984472156,-0.031115898769348876
mistral,mean_pool_hs,23,False,-0.005950421094894409,-0.008006250113248825,-0.002718735486268999
mistral,mean_pool_hs,23,True,-0.06944405846297741,-0.10391779420897364,-0.030669195391237747
mistral,mean_pool_hs,24,False,-0.006744027137756348,-0.00925600454211235,-0.002995838969945908
mistral,mean_pool_hs,24,True,-0.06966275651939213,-0.10484841340221465,-0.030764085892587903
mistral,mean_pool_hs,25,False,-0.007516145706176758,-0.01037011444568634,-0.0033898659050464637
mistral,mean_pool_hs,25,True,-0.06734165828675032,-0.10158612625673413,-0.028248981293290867
mistral,mean_pool_hs,26,False,-0.0076901912689208984,-0.01051880642771721,-0.0033554509282112126
mistral,mean_pool_hs,26,True,-0.0665095136500895,-0.10040209018625319,-0.028182175476104035
mistral,mean_pool_hs,27,False,-0.008594393730163574,-0.011977889388799668,-0.0036662138998508455
mistral,mean_pool_hs,27,True,-0.06587193603627384,-0.09918776880949735,-0.027385935187339793
mistral,mean_pool_hs,28,False,-0.009367018938064575,-0.012900034338235855,-0.004028282314538957
mistral,mean_pool_hs,28,True,-0.06687699095346034,-0.10045398799702525,-0.02713227700442076
mistral,mean_pool_hs,29,False,-0.011113613843917847,-0.015218346565961837,-0.004741919040679932
mistral,mean_pool_hs,29,True,-0.06911638268502429,-0.10376131916418671,-0.02881993670016528
mistral,mean_pool_hs,30,False,-0.013665556907653809,-0.0186359703540802,-0.006060701608657838
mistral,mean_pool_hs,30,True,-0.07135832833591849,-0.10552696958184242,-0.030855165515095005
mistral,mean_pool_hs,31,False,-0.01976412534713745,-0.026861432939767838,-0.008965852111577995
mistral,mean_pool_hs,31,True,-0.07408615364693105,-0.10946716349571943,-0.03125885399058462
mistral,mean_pool_hs,32,False,-0.044078439474105835,-0.06967798992991447,-0.012593556940555573
mistral,mean_pool_hs,32,True,-0.0778605165251065,-0.11513497093692422,-0.03717261319980025
qwen,last_token_hs,0,False,0.0,0.0,0.0
qwen,last_token_hs,0,True,0.0,0.0,0.0
qwen,last_token_hs,1,False,-0.0004911422729492188,-0.0008677095174789429,-8.879303932189962e-05
qwen,last_token_hs,1,True,-0.010363653302192688,-0.050464007444679736,0.03551268877927213
qwen,last_token_hs,2,False,-0.0005454421043395996,-0.000838586688041687,-0.00017763674259185796
qwen,last_token_hs,2,True,-0.009630970191210508,-0.06997180276084691,0.056358173280023016
qwen,last_token_hs,3,False,-0.0009869933128356934,-0.0018731817603111268,-0.00021126866340637207
qwen,last_token_hs,3,True,-0.021307724760845304,-0.07684046393260359,0.044520049402490235
qwen,last_token_hs,4,False,-0.0014031529426574707,-0.0027885653078556063,-9.27604734897614e-05
qwen,last_token_hs,4,True,-0.025548849487677217,-0.08165002688765526,0.03751982604153454
qwen,last_token_hs,5,False,-0.001777350902557373,-0.0033463001251220702,-0.00011624619364738484
qwen,last_token_hs,5,True,-0.033866412937641144,-0.0758169436827302,0.01314878603443503
qwen,last_token_hs,6,False,-0.0016230344772338867,-0.003002605587244034,5.679577589035016e-05
qwen,last_token_hs,6,True,-0.03552830405533314,-0.06951677277684212,0.006427472364157434
qwen,last_token_hs,7,False,-0.0019875168800354004,-0.003374549746513367,-0.0002543598413467409
qwen,last_token_hs,7,True,-0.04729530890472233,-0.07537637436762452,-0.008662661071866798
qwen,last_token_hs,8,False,-0.0025037527084350586,-0.0036986030638217924,-0.0009334556758403778
qwen,last_token_hs,8,True,-0.06588390655815601,-0.10445690602064132,-0.014992143772542491
qwen,last_token_hs,9,False,-0.0035392940044403076,-0.005516543984413147,-0.0008471697568893443
qwen,last_token_hs,9,True,-0.06312291882932186,-0.1167217363603413,0.0046929026953875935
qwen,last_token_hs,10,False,-0.0038148462772369385,-0.0055805064737796785,-0.0014732070267200476
qwen,last_token_hs,10,True,-0.09478344582021236,-0.15440219501033425,-0.01653298689052465
qwen,last_token_hs,11,False,-0.004426777362823486,-0.00674731582403183,-0.0018871307373046879
qwen,last_token_hs,11,True,-0.09319433383643627,-0.15237821750342845,-0.01710756635293365
qwen,last_token_hs,12,False,-0.004496663808822632,-0.006527001410722733,-0.0019991248846054077
qwen,last_token_hs,12,True,-0.1063647847622633,-0.16770346313714982,-0.028909466695040482
qwen,last_token_hs,13,False,-0.005051553249359131,-0.007209214568138123,-0.0024562150239944456
qwen,last_token_hs,13,True,-0.15129675902426243,-0.20094850328750907,-0.07530102301388981
qwen,last_token_hs,14,False,-0.0037078559398651123,-0.00568726435303688,-0.0011423781514167785
qwen,last_token_hs,14,True,-0.1906951479613781,-0.24339173454791307,-0.10633075144141914
qwen,last_token_hs,15,False,-0.004411786794662476,-0.006434214115142822,-0.001813346147537232
qwen,last_token_hs,15,True,-0.19765974581241608,-0.25624151406809687,-0.10997737273573878
qwen,last_token_hs,16,False,-0.00514557957649231,-0.007543855160474777,-0.002263598144054413
qwen,last_token_hs,16,True,-0.2123680990189314,-0.27201754190027716,-0.12231540326029064
qwen,last_token_hs,17,False,-0.006641268730163574,-0.009755321592092515,-0.0030796617269516
qwen,last_token_hs,17,True,-0.24250194057822227,-0.2996848948299885,-0.14826953317970037
qwen,last_token_hs,18,False,-0.008347183465957642,-0.011643986403942107,-0.00455821231007576
qwen,last_token_hs,18,True,-0.2543985992670059,-0.30655063362792134,-0.1636739395558834
qwen,last_token_hs,19,False,-0.01937270164489746,-0.02562738358974457,-0.010809743404388434
qwen,last_token_hs,19,True,-0.2878851513378322,-0.3352246731519699,-0.1912101833149791
qwen,last_token_hs,20,False,-0.030976533889770508,-0.04047093242406845,-0.016834896057844162
qwen,last_token_hs,20,True,-0.2677839817479253,-0.3194912779144943,-0.1683485182002187
qwen,last_token_hs,21,False,-0.03904086351394653,-0.04988467246294022,-0.020340912789106377
qwen,last_token_hs,21,True,-0.24470447469502687,-0.29357470143586395,-0.150402925349772
qwen,last_token_hs,22,False,-0.04599753022193909,-0.05576872900128364,-0.028850934654474265
qwen,last_token_hs,22,True,-0.20733534352621064,-0.2532770480960608,-0.1195761900395155
qwen,last_token_hs,23,False,-0.052241772413253784,-0.06251870468258858,-0.03301735073328018
qwen,last_token_hs,23,True,-0.1629058513790369,-0.1987964349798858,-0.09175937753170729
qwen,last_token_hs,24,False,-0.05844023823738098,-0.07128639817237854,-0.03554176911711693
qwen,last_token_hs,24,True,-0.1471343319863081,-0.18410296980291604,-0.07998965047299864
qwen,last_token_hs,25,False,-0.05552452802658081,-0.06661833673715592,-0.0339323490858078
qwen,last_token_hs,25,True,-0.12174650095403194,-0.15507051362656057,-0.06403928566724063
qwen,last_token_hs,26,False,-0.05647680163383484,-0.06924582570791245,-0.034706756472587585
qwen,last_token_hs,26,True,-0.1146472729742527,-0.1498440494760871,-0.05892580458894375
qwen,last_token_hs,27,False,-0.055048227310180664,-0.0672953523695469,-0.033360061794519426
qwen,last_token_hs,27,True,-0.10197599604725838,-0.13558085532858968,-0.04980632197111846
qwen,mean_pool_hs,0,False,-0.005934536457061768,-0.00987805351614952,-0.0005543380975723281
qwen,mean_pool_hs,0,True,-0.015470321872271597,-0.042104273568838835,0.01449188182596117
qwen,mean_pool_hs,1,False,-0.001833885908126831,-0.002457193285226822,-0.0009249694645404818
qwen,mean_pool_hs,1,True,-0.03518457885365933,-0.06688311444595456,0.0008725015446543673
qwen,mean_pool_hs,2,False,-0.0003896951675415039,-0.0009588271379470826,0.00023714080452918993
qwen,mean_pool_hs,2,True,-0.02341107197571546,-0.053209059219807384,0.01070713521912694
qwen,mean_pool_hs,3,False,-0.00037553906440734863,-0.0012312114238739013,0.00045351684093475326
qwen,mean_pool_hs,3,True,-0.018702045403188094,-0.049451619107276204,0.01487023658119142
qwen,mean_pool_hs,4,False,-1.0818243026733398e-05,-2.3365020751953125e-05,3.1918287277221653e-06
qwen,mean_pool_hs,4,True,-0.02138051763176918,-0.08584535755217075,0.04757084804587065
qwen,mean_pool_hs,5,False,-1.1414289474487305e-05,-2.1041929721832274e-05,9.015202522277764e-07
qwen,mean_pool_hs,5,True,-0.026131916791200638,-0.07993907956406474,0.03214707337319849
qwen,mean_pool_hs,6,False,-1.1742115020751953e-05,-2.1219253540039062e-05,7.152557373046875e-07
qwen,mean_pool_hs,6,True,-0.033047713339328766,-0.09211682686582208,0.033543059136718505
qwen,mean_pool_hs,7,False,-1.8298625946044922e-05,-2.938583493232727e-05,-3.243982791900639e-06
qwen,mean_pool_hs,7,True,-0.04693606123328209,-0.10230880361050368,0.01515533421188592
qwen,mean_pool_hs,8,False,-4.738569259643555e-05,-6.763562560081482e-05,-1.8922984600067167e-05
qwen,mean_pool_hs,8,True,-0.05569556634873152,-0.1054768767207861,0.001146758534014218
qwen,mean_pool_hs,9,False,-6.809830665588379e-05,-9.653791785240174e-05,-2.6343762874603273e-05
qwen,mean_pool_hs,9,True,-0.07163424231112003,-0.1222051240503788,-0.010809863545000555
qwen,mean_pool_hs,10,False,-8.627772331237793e-05,-0.00012097805738449096,-3.571063280105593e-05
qwen,mean_pool_hs,10,True,-0.06700158258900046,-0.11155108637176454,-0.015196138899773363
qwen,mean_pool_hs,11,False,-7.790327072143555e-05,-0.00011279284954071044,-2.607330679893494e-05
qwen,mean_pool_hs,11,True,-0.06642267247661948,-0.1163479007780552,-0.008928184397518635
qwen,mean_pool_hs,12,False,-7.596611976623535e-05,-0.00010872706770896912,-2.377405762672425e-05
qwen,mean_pool_hs,12,True,-0.08893253281712532,-0.13982796631753444,-0.026912318263202912
qwen,mean_pool_hs,13,False,-8.210539817810059e-05,-0.00011674165725708007,-2.8195232152938868e-05
qwen,mean_pool_hs,13,True,-0.0989924818277359,-0.1524891283363104,-0.03615916687995199
qwen,mean_pool_hs,14,False,-9.161233901977539e-05,-0.00013024359941482544,-3.146231174468995e-05
qwen,mean_pool_hs,14,True,-0.1173413023352623,-0.17183060962706803,-0.051506438478827486
qwen,mean_pool_hs,15,False,-9.125471115112305e-05,-0.00013158172369003295,-2.9119104146957423e-05
qwen,mean_pool_hs,15,True,-0.12039193324744701,-0.17897471114993097,-0.04794562654569745
qwen,mean_pool_hs,16,False,-9.948015213012695e-05,-0.00014370754361152648,-2.8281658887863187e-05
qwen,mean_pool_hs,16,True,-0.13680029660463333,-0.19399406863376498,-0.06776421424001457
qwen,mean_pool_hs,17,False,-0.00011014938354492188,-0.00015667453408241272,-3.394484519958496e-05
qwen,mean_pool_hs,17,True,-0.14555891416966915,-0.20053569804877042,-0.07572053931653501
qwen,mean_pool_hs,18,False,-0.00011706352233886719,-0.00016476288437843322,-3.782063722610476e-05
qwen,mean_pool_hs,18,True,-0.1429312713444233,-0.19742547795176507,-0.07668641563504937
qwen,mean_pool_hs,19,False,-0.00013086199760437012,-0.00018482431769371033,-4.441961646080018e-05
qwen,mean_pool_hs,19,True,-0.1430059466511011,-0.19508643029257655,-0.07858590614050627
qwen,mean_pool_hs,20,False,-0.00018790364265441895,-0.00026436522603034973,-6.647631525993348e-05
qwen,mean_pool_hs,20,True,-0.144679618999362,-0.19493502033874394,-0.08082905169576407
qwen,mean_pool_hs,21,False,-0.0002522468566894531,-0.0003541082143783569,-9.286850690841676e-05
qwen,mean_pool_hs,21,True,-0.13643881678581238,-0.18869310906156897,-0.0753152932971716
qwen,mean_pool_hs,22,False,-0.00042173266410827637,-0.0005867272615432739,-0.0001666136085987092
qwen,mean_pool_hs,22,True,-0.11779370345175266,-0.16798349739983678,-0.06240373570472003
qwen,mean_pool_hs,23,False,-0.0006391704082489014,-0.0008661262691020966,-0.0002757273614406587
qwen,mean_pool_hs,23,True,-0.10634833294898272,-0.15008216351270676,-0.055777186155319215
qwen,mean_pool_hs,24,False,-0.000807344913482666,-0.0011701248586177826,-0.0002566032111644746
qwen,mean_pool_hs,24,True,-0.09037254541181028,-0.12918846774846315,-0.04535607360303402
qwen,mean_pool_hs,25,False,-0.0010630786418914795,-0.001499534398317337,-0.0003615893423557282
qwen,mean_pool_hs,25,True,-0.08764217481802916,-0.1264709483832121,-0.04187109200283885
qwen,mean_pool_hs,26,False,-0.0013203024864196777,-0.0018570557236671447,-0.0004472315311431888
qwen,mean_pool_hs,26,True,-0.08696762879844755,-0.12569421902298927,-0.04196725739166141
qwen,mean_pool_hs,27,False,-0.0024702250957489014,-0.0035866178572177888,-0.0008424378931522372
qwen,mean_pool_hs,27,True,-0.08657077112002298,-0.12340709175914526,-0.042241002433001995
qwen_base,last_token_hs,0,False,0.0,0.0,0.0
qwen_base,last_token_hs,0,True,0.0,0.0,0.0
qwen_base,last_token_hs,1,False,0.001782059669494629,-0.0001888647675514221,0.0036156632006168355
qwen_base,last_token_hs,1,True,-0.0018413010984659195,-0.029386928025633096,0.0320869454415515
qwen_base,last_token_hs,2,False,0.0013654232025146484,-0.0004893295466899872,0.002830841392278671
qwen_base,last_token_hs,2,True,-0.003919363021850586,-0.022157739009708168,0.01864497591741383
qwen_base,last_token_hs,3,False,0.002553701400756836,0.0005751155316829681,0.004199530929327011
qwen_base,last_token_hs,3,True,-0.011718101100996137,-0.03534993608482182,0.01436001737602055
qwen_base,last_token_hs,4,False,0.0025311410427093506,-0.0024519287049770354,0.0072101794183254235
qwen_base,last_token_hs,4,True,-0.02177080509136431,-0.04267924781888723,0.0022729223361238797
qwen_base,last_token_hs,5,False,-0.00037172436714172363,-0.005608224123716354,0.00559210181236267
qwen_base,last_token_hs,5,True,-0.019941462902352214,-0.0445124784251675,0.01310389693826437
qwen_base,last_token_hs,6,False,0.00046119093894958496,-0.006424968689680099,0.007596178352832794
qwen_base,last_token_hs,6,True,-0.026547167915850878,-0.053694830555468795,0.010642302990891007
qwen_base,last_token_hs,7,False,-0.0026580095291137695,-0.010790669918060302,0.005979411303997039
qwen_base,last_token_hs,7,True,-0.03098324965685606,-0.05939222346059978,0.0007843833416700275
qwen_base,last_token_hs,8,False,-0.006214261054992676,-0.01614984720945358,0.00441160127520561
qwen_base,last_token_hs,8,True,-0.041644240729510784,-0.07037407765164971,-0.01102250721305609
qwen_base,last_token_hs,9,False,-0.011467933654785156,-0.021643466502428054,0.0015387572348117772
qwen_base,last_token_hs,9,True,-0.05248296423815191,-0.08676929101347923,-0.013884483184665442
qwen_base,last_token_hs,10,False,-0.011749118566513062,-0.027489802986383437,0.0061282411217689495
qwen_base,last_token_hs,10,True,-0.07024177210405469,-0.10746988905593753,-0.030267039267346262
qwen_base,last_token_hs,11,False,-0.01621207594871521,-0.03271928057074547,0.004951132833957669
qwen_base,last_token_hs,11,True,-0.07221757620573044,-0.11235583564266563,-0.02629010397940875
qwen_base,last_token_hs,12,False,-0.020656853914260864,-0.03740314468741417,0.0014205940067768096
qwen_base,last_token_hs,12,True,-0.09557436034083366,-0.14374459208920598,-0.04170730104669929
qwen_base,last_token_hs,13,False,-0.025311410427093506,-0.04581571146845818,0.0004443317651748621
qwen_base,last_token_hs,13,True,-0.11731882393360138,-0.17372210822068154,-0.056768020614981665
qwen_base,last_token_hs,14,False,-0.024745076894760132,-0.04575065597891807,0.0018623910844326008
qwen_base,last_token_hs,14,True,-0.1266204258427024,-0.19406832819804548,-0.055417151376605044
qwen_base,last_token_hs,15,False,-0.02623555064201355,-0.051290310174226764,0.0029333829879760707
qwen_base,last_token_hs,15,True,-0.11840459099039435,-0.19496896294876934,-0.035771460738033056
qwen_base,last_token_hs,16,False,-0.02275305986404419,-0.047754299640655515,0.005207060277462002
qwen_base,last_token_hs,16,True,-0.1349031305871904,-0.21639411570504308,-0.04808665914461018
qwen_base,last_token_hs,17,False,-0.024449020624160767,-0.05289565473794937,0.004959352314472198
qwen_base,last_token_hs,17,True,-0.13753449625801295,-0.21909010047093033,-0.046652171108871716
qwen_base,last_token_hs,18,False,-0.020204871892929077,-0.0480928011238575,0.009690935909748073
qwen_base,last_token_hs,18,True,-0.1359273842535913,-0.2187409471720457,-0.04348716475069525
qwen_base,last_token_hs,19,False,-0.015210747718811035,-0.043153373152017595,0.013802056014537805
qwen_base,last_token_hs,19,True,-0.137312549399212,-0.2219916542991996,-0.04350089607760315
qwen_base,last_token_hs,20,False,-0.014450043439865112,-0.05252963826060295,0.024527082592248915
qwen_base,last_token_hs,20,True,-0.13962123589590192,-0.23054028269834817,-0.0409841097891331
qwen_base,last_token_hs,21,False,-0.01306009292602539,-0.05723817348480224,0.02819981500506398
qwen_base,last_token_hs,21,True,-0.14195498265326023,-0.23794692065566778,-0.038817721325904136
qwen_base,last_token_hs,22,False,-0.018793344497680664,-0.07035881802439689,0.028204505145549758
qwen_base,last_token_hs,22,True,-0.13510780758224428,-0.22890671519562603,-0.0343677531927824
qwen_base,last_token_hs,23,False,-0.020767003297805786,-0.08405154347419738,0.030851975828409164
qwen_base,last_token_hs,23,True,-0.12195755098946393,-0.21565224658697843,-0.029239279776811664
qwen_base,last_token_hs,24,False,-0.025744616985321045,-0.10087383091449738,0.03205951973795889
qwen_base,last_token_hs,24,True,-0.12092465674504638,-0.21181602757424117,-0.03032228406518699
qwen_base,last_token_hs,25,False,-0.031234651803970337,-0.11312321349978446,0.02902697548270225
qwen_base,last_token_hs,25,True,-0.10864945966750383,-0.19583117472939193,-0.024699108861386775
qwen_base,last_token_hs,26,False,-0.031266748905181885,-0.11014133170247078,0.027013999968767164
qwen_base,last_token_hs,26,True,-0.10214821062982082,-0.1836101369932294,-0.02466137083247304
qwen_base,last_token_hs,27,False,-0.029601991176605225,-0.1027368001639843,0.024909865856170655
qwen_base,last_token_hs,27,True,-0.09849706664681435,-0.17644996028393506,-0.026653285790234814
qwen_base,last_token_hs,28,False,0.2901720479130745,0.13113136552274227,0.4087751889601349
qwen_base,last_token_hs,28,True,-0.12081735581159592,-0.26690450706519186,-0.004716432094573977
qwen_base,mean_pool_hs,0,False,0.0042292773723602295,-0.015620766580104828,0.023467604815959928
qwen_base,mean_pool_hs,0,True,-0.010509263724088669,-0.0357440619263798,0.017885336466133595
qwen_base,mean_pool_hs,1,False,-0.0023791491985321045,-0.008774896711111068,0.005455342680215835
qwen_base,mean_pool_hs,1,True,-0.033229705528356135,-0.06720968279987574,0.006323020346462725
qwen_base,mean_pool_hs,2,False,0.0023908913135528564,-0.0017229534685611724,0.006743929535150526
qwen_base,mean_pool_hs,2,True,-0.02177840837975964,-0.05263940766453743,0.012772036995738738
qwen_base,mean_pool_hs,3,False,0.006835132837295532,0.0002832092344760895,0.01255039349198341
qwen_base,mean_pool_hs,3,True,-0.020020369440317154,-0.0432964445091784,0.0049542940221726835
qwen_base,mean_pool_hs,4,False,0.0001156926155090332,1.363903284072876e-05,0.00018228217959403992
qwen_base,mean_pool_hs,4,True,0.03302606428042054,-0.08043554276227952,0.161184348189272
qwen_base,mean_pool_hs,5,False,6.830692291259766e-05,2.676993608474732e-06,0.00011398121714591978
qwen_base,mean_pool_hs,5,True,0.015184381976723671,-0.06942136706784367,0.10841834363527596
qwen_base,mean_pool_hs,6,False,6.464123725891113e-05,2.532452344894409e-06,0.00010896921157836913
qwen_base,mean_pool_hs,6,True,0.010469102300703526,-0.07201049318537116,0.10151074186433105
qwen_base,mean_pool_hs,7,False,5.340576171875e-05,-7.969886064529418e-06,0.00010014101862907409
qwen_base,mean_pool_hs,7,True,-0.005519358237506822,-0.08276990046724676,0.07635877295397218
qwen_base,mean_pool_hs,8,False,1.6748905181884766e-05,-5.125105381011963e-05,7.714256644248961e-05
qwen_base,mean_pool_hs,8,True,-0.03690923750400543,-0.10629481077194214,0.03487864453345537
qwen_base,mean_pool_hs,9,False,-1.958012580871582e-05,-9.26278531551361e-05,5.681440234184261e-05
qwen_base,mean_pool_hs,9,True,-0.058991226367652416,-0.12462476715445518,0.010845131613314142
qwen_base,mean_pool_hs,10,False,-2.193450927734375e-05,-9.864494204521179e-05,5.749315023422241e-05
qwen_base,mean_pool_hs,10,True,-0.06869645789265633,-0.1344159879721701,0.004394711181521411
qwen_base,mean_pool_hs,11,False,-3.1322240829467773e-05,-0.00011125952005386353,5.304515361785886e-05
qwen_base,mean_pool_hs,11,True,-0.0707957623526454,-0.1402908387593925,0.004768322315067019
qwen_base,mean_pool_hs,12,False,-3.2395124435424805e-05,-0.00010908246040344238,5.132630467414856e-05
qwen_base,mean_pool_hs,12,True,-0.08281117305159569,-0.15604876279830932,-0.003082846570760023
qwen_base,mean_pool_hs,13,False,-4.3839216232299805e-05,-0.00012163445353507996,4.419907927513122e-05
qwen_base,mean_pool_hs,13,True,-0.08680434711277485,-0.16389200175181032,-0.007667317893356086
qwen_base,mean_pool_hs,14,False,-5.543231964111328e-05,-0.00014040246605873108,4.023835062980651e-05
qwen_base,mean_pool_hs,14,True,-0.10316270031034946,-0.18026537522673608,-0.02223922386765481
qwen_base,mean_pool_hs,15,False,-5.85019588470459e-05,-0.00014382973313331604,4.17560338973999e-05
qwen_base,mean_pool_hs,15,True,-0.1090621817857027,-0.1888071447610855,-0.02550655826926232
qwen_base,mean_pool_hs,16,False,-7.095932960510254e-05,-0.0001636601984500885,3.6765635013580305e-05
qwen_base,mean_pool_hs,16,True,-0.12051833420991898,-0.19887349829077722,-0.03669723067432643
qwen_base,mean_pool_hs,17,False,-8.067488670349121e-05,-0.00017349272966384887,3.0071288347244235e-05
qwen_base,mean_pool_hs,17,True,-0.12460116297006607,-0.2052646237425506,-0.03941091038286687
qwen_base,mean_pool_hs,18,False,-9.098649024963379e-05,-0.00018436089158058167,2.3548305034637393e-05
qwen_base,mean_pool_hs,18,True,-0.12127440050244331,-0.20309653654694557,-0.03835308458656075
qwen_base,mean_pool_hs,19,False,-0.00012311339378356934,-0.00023027807474136354,8.668005466461077e-06
qwen_base,mean_pool_hs,19,True,-0.1260879449546337,-0.21024217493832112,-0.04253674522042274
qwen_base,mean_pool_hs,20,False,-0.00023406744003295898,-0.00037686824798583985,-3.1496584415435795e-05
qwen_base,mean_pool_hs,20,True,-0.13202395848929882,-0.20923904469236732,-0.052727450337260964
qwen_base,mean_pool_hs,21,False,-0.00036028027534484863,-0.0005481787025928498,-8.273869752883914e-05
qwen_base,mean_pool_hs,21,True,-0.1278626900166273,-0.19974353201687337,-0.05615095291286709
qwen_base,mean_pool_hs,22,False,-0.0006528198719024658,-0.000940442830324173,-0.00021931454539299015
qwen_base,mean_pool_hs,22,True,-0.11839350871741772,-0.1801454758271575,-0.05169261367991568
qwen_base,mean_pool_hs,23,False,-0.001026064157485962,-0.0014534279704093932,-0.00039053410291671757
qwen_base,mean_pool_hs,23,True,-0.10238987766206264,-0.15388051429763436,-0.04664598517119885
qwen_base,mean_pool_hs,24,False,-0.0015328824520111084,-0.0021917678415775297,-0.0005394004285335542
qwen_base,mean_pool_hs,24,True,-0.08840207767207175,-0.12909799092449248,-0.04086670363321901
qwen_base,mean_pool_hs,25,False,-0.0021160244941711426,-0.003048416972160339,-0.0006696842610836034
qwen_base,mean_pool_hs,25,True,-0.0852370286011137,-0.12595586217939853,-0.039019116573035716
qwen_base,mean_pool_hs,26,False,-0.0027143359184265137,-0.0039865091443061825,-0.0007282949984073643
qwen_base,mean_pool_hs,26,True,-0.08316068910062313,-0.12474904539994895,-0.03639606023207307
qwen_base,mean_pool_hs,27,False,-0.00909191370010376,-0.013508613407611846,-0.0022884815931320194
qwen_base,mean_pool_hs,27,True,-0.0874892792198807,-0.1287488500587642,-0.04029876869171858
qwen_base,mean_pool_hs,28,False,0.174378901720047,0.07652295380830765,0.23571403287351128
qwen_base,mean_pool_hs,28,True,-0.12443305039778352,-0.23935042953235097,-0.05018377229571343
