model,DV,layer,b_prag,p_prag,b_sim,p_sim,b_mult,p_mult,b_mult_sd,p_mult_sd,R2,n
Qwen,caa_per_layer_l2,0,,,,,,,,,,45
Qwen,caa_per_layer_l2,1,0.433036635148254,0.006402784059262425,-0.32644652241701644,0.01160009383074924,-0.17794928787812336,0.2139862308383801,0.18795841259565027,0.32728195247421865,0.1320601684544298,45
Qwen,caa_per_layer_l2,2,0.6407796641684269,0.0010637902659140414,-0.4740245859735244,0.0011543334977979988,-0.2623773087180052,0.08039899994655615,0.06951848487704591,0.6907469852434942,0.1905835289961988,45
Qwen,caa_per_layer_l2,3,0.663433578340532,8.645626589768012e-05,-0.4213567787276069,0.00451624082495724,-0.3698612913170939,0.002155231674861905,-0.033254966731743135,0.8016378076528289,0.26424578578347535,45
Qwen,caa_per_layer_l2,4,0.6288926413597108,0.0005732318852644349,-0.4969642662322698,0.003258188130419989,-0.39631496019410467,0.04456573879137407,-0.056211735948604055,0.6837649751919366,0.24918723879305515,45
Qwen,caa_per_layer_l2,5,0.6323895227347556,0.0001624281013018114,-0.7010884282935603,2.722468713896971e-05,-0.45856754310761694,0.000652833025505231,0.15041482790361144,0.1803310950731748,0.3884492044614708,45
Qwen,caa_per_layer_l2,6,0.6119903339384011,0.002374139636129299,-0.7493106264354852,1.259655655235675e-05,-0.3545527091978209,0.009720532416346489,0.26920184000891445,0.006683297793266812,0.3848470067693579,45
Qwen,caa_per_layer_l2,7,0.5942061186554062,0.010383740638910992,-0.6834385982295365,0.00023173923250363317,-0.2762221139448022,0.12327210853866066,0.3194988396829483,0.010475392680969252,0.3367803717012334,45
Qwen,caa_per_layer_l2,8,0.749420706701044,0.0047210227537650695,-0.7303490547829472,0.0009782399760360975,-0.18512201233936662,0.3547234866847865,0.33591301947986546,0.01016564850200954,0.32240296136441926,45
Qwen,caa_per_layer_l2,9,0.6377221931783303,0.025554672565770098,-0.7159344355538635,0.0021850298452372177,-0.033689303379662416,0.8722937840861067,0.26519750935527114,0.056962415014296205,0.20245098570027253,45
Qwen,caa_per_layer_l2,10,0.6187065549021236,0.044048897731761204,-0.6869607020683522,0.007208919564166544,-0.09103041085799064,0.6513916844911392,0.2300641648317846,0.08296727371898431,0.18830784686660496,45
Qwen,caa_per_layer_l2,11,0.5796097864511872,0.059625375366071084,-0.6685574958651376,0.015133975053296224,-0.1813726762241633,0.40457136082332457,0.1354840573420156,0.3680494008670997,0.17347387392857627,45
Qwen,caa_per_layer_l2,12,0.6171527759312732,0.05976470691817267,-0.6646895471219381,0.02110780065987665,-0.17088508022862334,0.4021268080632069,0.1417872404694029,0.3788424601457936,0.1717006023159201,45
Qwen,caa_per_layer_l2,13,0.3721980199358751,0.2702376948013059,-0.6197045284070228,0.03446137149320219,-0.11308633449605279,0.5088640272543622,0.13641530471257482,0.4312225449392071,0.16109016068984627,45
Qwen,caa_per_layer_l2,14,0.041198585428590874,0.8887227766628661,0.022925664895473315,0.933606354300559,-0.24886829196079743,0.25874059820416817,0.10632415793893313,0.5097148255914002,0.09007605368534877,45
Qwen,caa_per_layer_l2,15,-0.1723524551700008,0.5133082952147121,0.18414196169848246,0.45257130061813156,-0.3374329888376742,0.05969034842848339,0.11396501512378458,0.4028975669015351,0.15421752832222146,45
Qwen,caa_per_layer_l2,16,-0.32096088357889474,0.23187436728019095,0.09055743041660957,0.7057263952992103,-0.25678972889933743,0.14061709001708148,0.1954288260825476,0.11479996297643254,0.18949377493376718,45
Qwen,caa_per_layer_l2,17,-0.6643831555696642,0.008465236793185121,0.30368613949950385,0.17281537313074313,-0.2732718176633592,0.10245060338810237,0.18878894013752515,0.05623609352625004,0.31896076375357396,45
Qwen,caa_per_layer_l2,18,-0.6927186849013496,0.005534533194747144,0.18551559402217566,0.38283734054308205,-0.22694907923459803,0.07434418185835032,0.2381377326267816,0.042371589655496596,0.42588167358085516,45
Qwen,caa_per_layer_l2,19,-0.832658304232757,0.00014006454797845376,0.18025558604732145,0.3120282021317482,-0.13054138559656847,0.21941536629028335,0.26701691235658737,0.00011057085587426735,0.5706672715982537,45
Qwen,caa_per_layer_l2,20,-0.9108946218930885,7.027755682999577e-05,0.3331374848736795,0.06372017555588362,-0.1731936590919579,0.10680667336032633,0.24297053967809434,0.00047948264633189023,0.523547222673176,45
Qwen,caa_per_layer_l2,21,-0.9868733608026801,4.180450893670295e-05,0.5296183159200563,0.0046596799045866945,-0.20029553867054734,0.04538998771224233,0.277439984565731,4.090956276611775e-05,0.4913506803998319,45
Qwen,caa_per_layer_l2,22,-0.956923454691404,0.0001494867846133419,0.5341975528684638,0.007538518519052519,-0.22360460631708987,0.01359697368009629,0.2508477871822932,0.0002907712442543668,0.4540237790095596,45
Qwen,caa_per_layer_l2,23,-0.9106418993541255,0.00030985034859571124,0.5374067253652046,0.007556558015528791,-0.27481839556712023,0.006391055797143782,0.23214155502183664,0.0020963481210326653,0.42914708013510106,45
Qwen,caa_per_layer_l2,24,-0.8747177062541879,0.0003434744838586255,0.5008044771770611,0.009122864153910728,-0.3040429152674359,0.0042465416543511015,0.2297568264396496,0.000805488818651978,0.43489571311379716,45
Qwen,caa_per_layer_l2,25,-0.8435928811360988,0.0007506648470467273,0.48152038804290975,0.012463880172267008,-0.2967789167778401,0.007339043617156842,0.24357832066143953,0.0005321584405098937,0.4211450842407738,45
Qwen,caa_per_layer_l2,26,-0.8301567982343566,0.0005583209696923756,0.511315120564423,0.00614743235925293,-0.3181782816198939,0.008655836101535292,0.25538010058015487,0.0004451431643960441,0.41997351942151306,45
Qwen,caa_per_layer_l2,27,-0.8274466069124687,0.0006449263413729952,0.49999406289501497,0.00798942103347702,-0.2995935482401963,0.007284762014890871,0.2727181813038906,0.0001402334053348215,0.42059568301450323,45
Qwen,caa_per_layer_l2,28,-0.7459266151024049,0.0010247770704087797,0.11109745639791947,0.6322876017465962,-0.08147196816251648,0.5524488340606248,-0.17823250920637793,0.048709672841879034,0.45616291783218155,45
Qwen,caa_per_layer_cosine,0,,,,,,,,,,45
Qwen,caa_per_layer_cosine,1,-0.43058501659678117,0.010263200224671845,0.3317767594979789,0.016352090136056353,0.18105883129418074,0.2510068847645164,-0.21144556666175596,0.2690263170270446,0.14372497283470687,45
Qwen,caa_per_layer_cosine,2,-0.6557336328594655,0.0007568379964554699,0.521620680757102,0.000420331936859478,0.18875081883379208,0.2867052354153917,-0.16401316858879003,0.37628660934564795,0.18595736814812558,45
Qwen,caa_per_layer_cosine,3,-0.5889049483965451,0.00022697664027159078,0.39596082734085736,0.005192142696228669,0.32631934395642664,0.07488761747734415,-0.06242532136286437,0.6531689896005828,0.21913338750442968,45
Qwen,caa_per_layer_cosine,4,-0.5604537818789641,0.0009149228241164569,0.4378701249994041,0.006005274926545219,0.3667114422771865,0.1083507833138626,0.013854142600034095,0.9260912444928571,0.2119681473585684,45
Qwen,caa_per_layer_cosine,5,-0.5877540327757512,0.000452605617334702,0.6569087561845246,9.91709405424269e-05,0.3852862239791084,0.062416729526638015,-0.12067577431613187,0.3874399857982911,0.2924784928343983,45
Qwen,caa_per_layer_cosine,6,-0.6122605744586151,0.0020852369115716,0.7348020711048706,2.3099622957319132e-05,0.376848943692987,0.005647452437487236,-0.26809192939105597,0.0015584482780541804,0.39716459283903305,45
Qwen,caa_per_layer_cosine,7,-0.5833426971578478,0.013169904577779503,0.6654980745247878,0.00041427683093842336,0.3111960512956992,0.08499732894676922,-0.2918702048358445,0.005140555926266211,0.3357623511458411,45
Qwen,caa_per_layer_cosine,8,-0.7438857953164113,0.005222960168483762,0.7181985853539385,0.0014808332182578985,0.23229092495928552,0.23027094630313683,-0.28357376185279,0.012084975278588785,0.30831993209079833,45
Qwen,caa_per_layer_cosine,9,-0.6552552581535496,0.0252536905637544,0.7212872283432047,0.0029544657329856018,0.12805551682569682,0.5016418375116799,-0.17113861007807318,0.1621592657099965,0.18551853216788816,45
Qwen,caa_per_layer_cosine,10,-0.5802925696976243,0.04581699139021904,0.6320539573089569,0.00911230741245998,0.1815086097858293,0.42748903353212453,-0.1294844148424942,0.34907587416737307,0.16070646261906818,45
Qwen,caa_per_layer_cosine,11,-0.5556225106075081,0.0645606526379211,0.6222313126734025,0.0209606425249909,0.2224067761643979,0.29828711438525035,-0.09012330264361673,0.5476344264372438,0.1630884583173975,45
Qwen,caa_per_layer_cosine,12,-0.5666591289035056,0.07625639990646296,0.6037025366051819,0.03260949321070289,0.25663509889515596,0.20513794049592582,-0.07749107436835602,0.6122682515024924,0.1732678364167819,45
Qwen,caa_per_layer_cosine,13,-0.351739698543177,0.29567212117012154,0.5604511079416284,0.058294517587660924,0.2212183557396795,0.2393810162451936,-0.06549826610743735,0.6752813945386333,0.15591558431951835,45
Qwen,caa_per_layer_cosine,14,-0.053127568066254745,0.8530941887013735,-0.010153849681504885,0.9703075046093718,0.3437996372365713,0.06730735875413041,-0.06660994387765277,0.6102047049559637,0.13772487847478854,45
Qwen,caa_per_layer_cosine,15,0.1470956003849595,0.561563347327068,-0.14773343653161464,0.5375845061725171,0.3438579244435363,0.05472512735794714,-0.11855695350583252,0.36917869535221703,0.15801634928029717,45
Qwen,caa_per_layer_cosine,16,0.3059115854493193,0.2112991996667497,-0.07768754899310135,0.7259091536507605,0.28690881046911065,0.12321914431795898,-0.18317590887879076,0.13511765730742953,0.19999456687289585,45
Qwen,caa_per_layer_cosine,17,0.6321157886921969,0.00881856767409032,-0.26608758326926113,0.2159104724133084,0.2814485778042362,0.10518005655543304,-0.19714898785084686,0.05307888161986623,0.323649707099535,45
Qwen,caa_per_layer_cosine,18,0.6816619152247557,0.0053927300528898514,-0.16251907595249312,0.4327443338419209,0.24232492595048644,0.06627496824792312,-0.21455558390468202,0.06915859230693645,0.42899126200458015,45
Qwen,caa_per_layer_cosine,19,0.8453084578119927,9.16577609973195e-05,-0.17744907276942068,0.3077159689614837,0.11324733425036287,0.2976945447600653,-0.24818627488834888,0.0014208652081087892,0.5738225729240201,45
Qwen,caa_per_layer_cosine,20,0.9022254191507604,0.0001041853362263688,-0.3107387871167362,0.08409909448708659,0.16641343295391478,0.15519060741978402,-0.22230148220261417,0.006101417645119159,0.5190916909600113,45
Qwen,caa_per_layer_cosine,21,0.9463875902213658,7.891447298051643e-05,-0.4662451950152518,0.010756981965496596,0.21041905495588342,0.06419461735165248,-0.2414208196096806,0.005409661053000652,0.4744490956030277,45
Qwen,caa_per_layer_cosine,22,0.9102014153300813,0.0003751475225989638,-0.4673648860646793,0.018722477202504566,0.22967128512652069,0.029640881844364163,-0.2211684821697135,0.007895215226926754,0.4349355655817152,45
Qwen,caa_per_layer_cosine,23,0.8594023069151135,0.0009969821438531752,-0.4684722962522654,0.022136077140340955,0.26839499918287024,0.018371799115764236,-0.20636684086035814,0.013354180121432723,0.4008533331331606,45
Qwen,caa_per_layer_cosine,24,0.8087093862744562,0.0013751867649901281,-0.42795364526001545,0.030366386770695804,0.3075408073021617,0.018368716265552216,-0.19399083314229526,0.0081720779403266,0.39777256851383824,45
Qwen,caa_per_layer_cosine,25,0.783058011296896,0.002202038652222377,-0.41165339096405285,0.034039562185447604,0.2806349644246216,0.041894763091590195,-0.21998267992939158,0.0024046586968060253,0.3804253387960279,45
Qwen,caa_per_layer_cosine,26,0.7466920044439851,0.0021099281679876074,-0.4291122407252352,0.021641391723862213,0.3038730303394581,0.055786016687052624,-0.23778274390264253,0.0010027154354738243,0.369719801767071,45
Qwen,caa_per_layer_cosine,27,0.725537863640435,0.0026553104307344816,-0.4051314579787936,0.030898485307994425,0.31029175323000113,0.04132199291516446,-0.2550109334432086,0.0005119254253642278,0.38033728691359325,45
Qwen,caa_per_layer_cosine,28,,,,,,,,,,45
Qwen,beam_per_layer_cosine,0,-0.5440804823558851,0.03526150201700189,0.11183135037077359,0.6190815157272084,-0.04168650149356463,0.7583908426152991,-0.4396962691897301,0.00013014016218796916,0.3889805216132677,45
Qwen,beam_per_layer_cosine,1,-0.49682626613622877,0.05483849164143344,0.15971129716438703,0.4241132172545844,-0.012888368511331025,0.9114907181809807,-0.42246066112397934,8.58735056789424e-05,0.3105564021665308,45
Qwen,beam_per_layer_cosine,2,-0.4943395006934314,0.05187953454251106,0.14592711552482232,0.45028853323133455,0.005732952361967015,0.9636899395436228,-0.4227686374976435,6.227366797555726e-05,0.3203828845597716,45
Qwen,beam_per_layer_cosine,3,-0.4810030745413592,0.0707786615824239,0.16544831708137528,0.401829521824991,0.018978260091539346,0.8857054392571151,-0.4019692127640265,0.00011419348183864632,0.28625600078417157,45
Qwen,beam_per_layer_cosine,4,-0.5285926670794839,0.02252404038640928,0.1613406381474819,0.392174159008866,0.08108252242361999,0.5639226140667408,-0.36658867619454355,0.0005375721577582421,0.3129151590737097,45
Qwen,beam_per_layer_cosine,5,-0.5259477118719772,0.021719482522177896,0.16328119133110797,0.38288191701021923,0.07759097363741436,0.5822537648548016,-0.3910708074542627,0.00027246161689388417,0.32802373462349943,45
Qwen,beam_per_layer_cosine,6,-0.5229418310963188,0.018440678233879185,0.1505899488118129,0.40597071558483355,0.06848343842314632,0.6129921571386239,-0.4088047330581162,0.0001330170533796879,0.34496543931463086,45
Qwen,beam_per_layer_cosine,7,-0.5153077607979959,0.01283289548256367,0.14198323871731713,0.413054611002859,0.055875189866118016,0.6603953245385086,-0.4214260509844447,0.00020520827678503182,0.3509462619137156,45
Qwen,beam_per_layer_cosine,8,-0.4742706393648416,0.015395619871342463,0.1351575278274979,0.4226443131848212,0.03743989093779809,0.7478192840773924,-0.45013715795401027,0.000438538245500962,0.3442020480281064,45
Qwen,beam_per_layer_cosine,9,-0.44355777169717947,0.013215406409196107,0.12540191615320592,0.43635538517894745,0.04404681301313533,0.7086691491245438,-0.4668489890785655,0.000660312207665635,0.34587196034292333,45
Qwen,beam_per_layer_cosine,10,-0.44500581062485345,0.026068927004706532,0.1723727483092257,0.33061090479818855,0.10442547343245556,0.41121628534992694,-0.47742450071938286,0.000548444725125298,0.3578536943459514,45
Qwen,beam_per_layer_cosine,11,-0.4300295763753448,0.0311549997693059,0.167346285306902,0.34287995127836424,0.09700881450907807,0.4358221692592147,-0.4987398606044299,0.00047813611141512717,0.36986681456729176,45
Qwen,beam_per_layer_cosine,12,-0.41217287253920376,0.03758801105308369,0.15537526671757323,0.37966118344885225,0.10583343717916632,0.3995471871992914,-0.5022955312520119,0.0005207915028795194,0.372410251722028,45
Qwen,beam_per_layer_cosine,13,-0.39584921982568366,0.04326982409006467,0.1522363665094914,0.38696823140300785,0.091500694089872,0.4581077438976927,-0.512722459396256,0.00043810977338154284,0.36950851384146466,45
Qwen,beam_per_layer_cosine,14,-0.37493262833506275,0.07300200550974878,0.1407390702281715,0.44209682345731927,0.08708331110898855,0.49140696633002057,-0.5238255613498333,0.0002618759030316964,0.37311362137760395,45
Qwen,beam_per_layer_cosine,15,-0.4177646679868534,0.040832447446019014,0.15062581752241638,0.4106687826702462,0.09414901119051275,0.45337189939624933,-0.508246551253351,0.0002365435390925141,0.37860837569675887,45
Qwen,beam_per_layer_cosine,16,-0.4159216533620822,0.03478845194414623,0.133254837422347,0.460897548534289,0.09658006724786261,0.4427341725135442,-0.5041842483021844,0.00023093603959413168,0.3819300930295607,45
Qwen,beam_per_layer_cosine,17,-0.43150734236866145,0.02922418676140845,0.13632258112661128,0.4535515152787931,0.10359976395225874,0.4129217147165186,-0.5063480632644075,0.00012002690642084784,0.3954979563108397,45
Qwen,beam_per_layer_cosine,18,-0.4372580833329046,0.026498531236191662,0.12909281720805443,0.47858992006154066,0.10550968975982995,0.3971861067252317,-0.5052396481533603,8.34488400170116e-05,0.4023972963655136,45
Qwen,beam_per_layer_cosine,19,-0.41769705864389106,0.039709092133480936,0.10626499804383523,0.5804626790810201,0.08435719916671036,0.49490244958345075,-0.5138718813914597,5.400868837963997e-05,0.40113707688215006,45
Qwen,beam_per_layer_cosine,20,-0.5075347803827939,0.020901324230639083,0.1597152285183778,0.4266587210286429,0.057863748497301276,0.6517508411589259,-0.48124019979445193,3.979738292367137e-05,0.39096341252647193,45
Qwen,beam_per_layer_cosine,21,-0.5230934240229311,0.020381987862445917,0.17763640524119814,0.39526474483095286,0.04251919073814837,0.7366010733886832,-0.4823690682279123,4.176634829560091e-05,0.3884058009597239,45
Qwen,beam_per_layer_cosine,22,-0.5056370589443144,0.04296359034504197,0.20675589828729599,0.3504161405954229,0.04662498091741499,0.7190959803542107,-0.4938351469104522,8.66351297371169e-06,0.3742548765938807,45
Qwen,beam_per_layer_cosine,23,-0.5274661623814801,0.04247478269401367,0.2345187930109494,0.2842655677819661,0.04463442038642331,0.7348192312548234,-0.46801009250703,2.3449627722699814e-05,0.34973027727121264,45
Qwen,beam_per_layer_cosine,24,-0.510984021354378,0.06059611117640944,0.24287343677181758,0.26654062615305907,0.04909506861307681,0.7387051857637894,-0.4255395462301935,4.778474227030672e-05,0.29837173871130873,45
Qwen,beam_per_layer_cosine,25,-0.4704559172511429,0.11176634277620524,0.22081671825629318,0.30785332551208233,0.03767614697968053,0.8098601837923655,-0.38371251387939687,0.00025933787196488344,0.24547768151623184,45
Qwen,beam_per_layer_cosine,26,-0.2960109144511797,0.3313627101498927,0.1311145582871519,0.512344775693833,0.0697082892124997,0.6994465866812427,-0.30886349385038037,0.0014548675781056006,0.14824496748755023,45
Qwen,beam_per_layer_cosine,27,-0.2706112100164785,0.3598213303580664,0.10987420730881407,0.5641525749585837,0.05411115105194656,0.7514161368131267,-0.33420796502007255,0.0021617836798822725,0.15717239607625488,45
Qwen,beam_per_layer_cosine,28,-0.5116294807650067,0.04684956068441862,0.10182125898486744,0.6457197168945543,0.04205309157569879,0.7514346748029094,-0.36828751672898163,0.0006790096219640432,0.3266880882876042,45
DeepSeek,caa_per_layer_l2,0,,,,,,,,,,45
DeepSeek,caa_per_layer_l2,1,0.3378625557059759,0.05757003081902371,-0.2696165734040665,0.08113285191482802,-0.2512380946958575,0.29531103755218013,0.3118922390030207,0.10084742560577391,0.2275124356615863,45
DeepSeek,caa_per_layer_l2,2,0.4095118800266812,0.016440995137132913,-0.2831074123299005,0.09945810590766553,0.015379437524808021,0.9320605062553349,0.2056095433020337,0.35653928936895674,0.08753521491745375,45
DeepSeek,caa_per_layer_l2,3,0.2769763133638412,0.21024447244211297,-0.31690779223220295,0.23600238788210037,0.06436766485326981,0.6047242449520289,0.22257472780954143,0.2042043964669763,0.07141740019515319,45
DeepSeek,caa_per_layer_l2,4,0.08688667506706356,0.7070257271451972,-0.3473157059184223,0.1574057859254211,-0.06844247771788563,0.38387710404429054,0.27809469059611364,0.20879112804055533,0.16713982097758984,45
DeepSeek,caa_per_layer_l2,5,0.2847355050283496,0.16851445998585624,-0.4584669463435706,0.05501117191721917,-0.030787302330094773,0.7788102456078367,0.39980478831778543,0.035564061787590806,0.2314593372152075,45
DeepSeek,caa_per_layer_l2,6,0.4891377127174678,0.00307808296694177,-0.4268246681463595,0.010830084752231945,-0.3396300859024796,0.0026606159972944426,0.2405117428138105,0.16319773207387045,0.27222220948319764,45
DeepSeek,caa_per_layer_l2,7,0.4793085003284687,0.0029313532616378735,-0.40953493589222467,0.007613143457604917,-0.26747057518574063,0.06592007563152145,0.3682199370931837,0.014129654001942646,0.3120835879769891,45
DeepSeek,caa_per_layer_l2,8,0.22077467344494975,0.16937351079586527,-0.22983169409056425,0.1216721894426307,-0.12983208899578583,0.40412875947280935,0.009708530931759456,0.9548209150152943,0.031041278336842004,45
DeepSeek,caa_per_layer_l2,9,0.15086079356513618,0.17006719008739435,-0.1234027020866435,0.22589590349532696,0.09050978924240649,0.5827997884935715,0.12107087798888702,0.551494901574827,0.02314455576415264,45
DeepSeek,caa_per_layer_l2,10,0.17939288336816148,0.1542782159121289,0.02317404678545803,0.8459402872500202,-0.08640415139889958,0.7076822954818869,0.1945597683603211,0.24587765344372958,0.09349740692244757,45
DeepSeek,caa_per_layer_l2,11,0.3045680518047563,0.011665282505129115,-0.1491229258666404,0.19169040878449284,-0.5300575745773286,0.044855117195083484,-0.14194990389805354,0.5292969418732618,0.30037049381909287,45
DeepSeek,caa_per_layer_l2,12,-0.03965325545764077,0.8808849617875294,0.1768178698636027,0.5066638667509225,-0.2222349996119635,0.21681692563954758,0.2604415260607782,0.24245776137948238,0.16625961624995,45
DeepSeek,caa_per_layer_l2,13,-0.014231831084459478,0.9595407273005436,0.02751412630268617,0.9164530801387176,0.01330294300274441,0.9520761934606524,0.23973593764408097,0.2742925909814885,0.05636644975533345,45
DeepSeek,caa_per_layer_l2,14,-0.26199531322493635,0.3644626569434517,0.19090469918761865,0.44711782053656013,0.0936671062919041,0.6425860810406424,0.2699301689928677,0.09285501556533822,0.08749302332551334,45
DeepSeek,caa_per_layer_l2,15,-0.403913480720722,0.1358416047075716,0.058278779837154605,0.7984635368199775,0.12374514510313282,0.20520763479184811,0.25454473036816,0.1423666836318918,0.19033821516684257,45
DeepSeek,caa_per_layer_l2,16,-0.5165060386329126,0.04686483074573474,0.10078541593043687,0.6200432812067921,0.20804718446580153,0.022730976749004095,0.25660298197080667,0.16986749670305834,0.26951627608624584,45
DeepSeek,caa_per_layer_l2,17,-0.46321698889744906,0.07468152639727733,-0.016357707192553927,0.934447864637675,0.07294563391184349,0.4546845368871363,0.2603719272464221,0.18865896261786308,0.291794997393343,45
DeepSeek,caa_per_layer_l2,18,-0.42833999365470243,0.09696586727575532,-0.02096494582186535,0.9129167355065495,0.03721941865224716,0.7384016805716399,0.247465575020178,0.2184352359939521,0.25761382635086083,45
DeepSeek,caa_per_layer_l2,19,-0.42533988952834567,0.12132098299022602,0.016897695844629215,0.9297094525367193,0.027565113721725192,0.7397542895580905,0.3262954215339091,0.0946777055577501,0.2715405406387412,45
DeepSeek,caa_per_layer_l2,20,-0.41830594586136244,0.1336086492352505,0.06218686649172982,0.7403268737411399,-0.011164975481880085,0.9031601471343267,0.3578746700486299,0.061562272150753716,0.26384363287247814,45
DeepSeek,caa_per_layer_l2,21,-0.3798150914806987,0.18682471502564957,0.019222099919536873,0.9185747770325238,-0.06156793657718313,0.5420700125482487,0.36441656127956396,0.04243566888282685,0.2795441397584344,45
DeepSeek,caa_per_layer_l2,22,-0.3903413837936061,0.17256080641206983,0.03580833856490974,0.8426757767189131,-0.09408233682096669,0.4169271123676387,0.36471982642816825,0.040621751052682994,0.28807768753795404,45
DeepSeek,caa_per_layer_l2,23,-0.44209986730062306,0.11270425238252908,0.0727118986686143,0.6788479361893921,-0.1472452297968001,0.18041463870761532,0.367619947302027,0.0396110622166461,0.32829536807816795,45
DeepSeek,caa_per_layer_l2,24,-0.4801297590329772,0.090627668340309,0.15506021211562274,0.38529459867127136,-0.12706150126501342,0.23846249288795185,0.4068278188661082,0.01706724353268,0.33231451423223135,45
DeepSeek,caa_per_layer_l2,25,-0.4768302101124913,0.08219044471319782,0.17721134621664042,0.304364148720929,-0.2090103450315336,0.08606485019639956,0.3698564985570026,0.04731182591964499,0.3304506932704241,45
DeepSeek,caa_per_layer_l2,26,-0.4761708527016751,0.09262660831946894,0.1640690297513074,0.337305803155982,-0.22712422830346304,0.08294028130958075,0.34376101380687674,0.04026640717430571,0.32606114448496226,45
DeepSeek,caa_per_layer_l2,27,-0.5538530800062802,0.038993194755116894,0.21393956012200419,0.20224822511909468,-0.26549246288395395,0.04271225193555305,0.305193474778472,0.07225072064014212,0.35016613455948387,45
DeepSeek,caa_per_layer_l2,28,-0.5113442475052874,0.050541301217849964,0.157427964406202,0.3426572517436034,-0.29726477641288557,0.03237827705335844,0.28255799868580356,0.11048489125903503,0.3558869313154486,45
DeepSeek,caa_per_layer_l2,29,-0.521304184681206,0.05159040781397944,0.14742368804954453,0.3933987924350254,-0.2721783097573174,0.05226156724362956,0.26691582499234406,0.14044908260419453,0.3410113830055903,45
DeepSeek,caa_per_layer_l2,30,-0.818903240295288,0.004967202136838775,0.4886622542827782,0.006161643360123382,-0.12092585073813958,0.2657068254914823,0.08933106976014869,0.6426725794434697,0.24256315560539032,45
DeepSeek,caa_per_layer_cosine,0,,,,,,,,,,45
DeepSeek,caa_per_layer_cosine,1,-0.36245245261616327,0.04236518106483974,0.29625846431105096,0.0624687864019972,0.1972526433779707,0.35954322252923887,-0.34788342244131887,0.06662789322110785,0.226294188240867,45
DeepSeek,caa_per_layer_cosine,2,-0.43917054691341806,0.012703224170138671,0.30660589688785506,0.08301247498424524,-0.08664917250554174,0.5877321792287244,-0.19871646625766032,0.37009775812587586,0.09166271992605568,45
DeepSeek,caa_per_layer_cosine,3,-0.43363478838598735,0.04577526356041094,0.38141618597460314,0.10496396247555022,-0.0519784610744968,0.6683947766388385,-0.19749524489817258,0.3409818588593252,0.08304804381577224,45
DeepSeek,caa_per_layer_cosine,4,-0.25946448772335756,0.2826953472694055,0.3613088136153168,0.12270997827287929,0.017688338858213984,0.8083861558215754,-0.25610062230464803,0.299659122925521,0.10323356643254478,45
DeepSeek,caa_per_layer_cosine,5,-0.3470590057655509,0.13680566128870297,0.538798047377852,0.039750211467287064,0.001875313167161877,0.9837856407732672,-0.3840509612177529,0.02538439356755124,0.23396382738882293,45
DeepSeek,caa_per_layer_cosine,6,-0.5276804798109825,0.0032585444762470105,0.4628978916186626,0.009633630085384893,0.3093072047891968,0.02899884991640207,-0.25688259592870705,0.06139635444853016,0.2692730260433759,45
DeepSeek,caa_per_layer_cosine,7,-0.5075027332139541,0.0029674487472801858,0.4383210356228746,0.0073130785622263035,0.2621508087169978,0.1037915238878756,-0.3327676777139713,0.004855388171895871,0.285717822283988,45
DeepSeek,caa_per_layer_cosine,8,-0.34312424541403835,0.02552588943630729,0.32588839410751186,0.01487955144713856,0.13235374599004862,0.45935418362628366,-0.16775194389396242,0.28657184177930595,0.08635030726290582,45
DeepSeek,caa_per_layer_cosine,9,-0.22029418600032538,0.05558986738043194,0.16331033802989364,0.1267932041120479,0.04333665342522484,0.8098656280750676,-0.08883788574479444,0.7110626532778094,0.02439914596272863,45
DeepSeek,caa_per_layer_cosine,10,-0.23128512324804862,0.01810197423501044,0.04632388288746557,0.6341825711720648,0.0869751990979485,0.7043005334427495,-0.048475263535156,0.8319425502280476,0.04901973377091351,45
DeepSeek,caa_per_layer_cosine,11,-0.35172570241873896,0.00448296995996617,0.24589600706680637,0.03770863622181636,0.35655834827724714,0.1527452128683963,0.05634044140461247,0.8058670856982477,0.15448328190220162,45
DeepSeek,caa_per_layer_cosine,12,-0.0009629755538933249,0.9965301795644563,-0.060911261113858944,0.7890355701660996,0.16744183229054008,0.484405902393362,-0.08544698400121815,0.7338882583191499,0.04616551683571957,45
DeepSeek,caa_per_layer_cosine,13,-0.019491479012715043,0.9423638297890663,0.13916167588954179,0.5856710946183261,0.07309392947257395,0.6911869025305106,-0.12485098603498222,0.5708950343842485,0.04044148587980789,45
DeepSeek,caa_per_layer_cosine,14,0.209969742760441,0.4604813573232207,-0.027534527052462482,0.9118869353882643,-0.02507759575567027,0.8782065493775892,-0.09391979482597487,0.5540679193134581,0.043103400736641095,45
DeepSeek,caa_per_layer_cosine,15,0.4073643329684685,0.13879006955006085,0.003942864598602362,0.9866196651426691,-0.06638813078951303,0.55047758338909,-0.18707514092018354,0.12764126392449415,0.2020651722644845,45
DeepSeek,caa_per_layer_cosine,16,0.5209475988316256,0.048662153128760204,-0.06114583273880225,0.7705659525112789,-0.0789127023052863,0.37070259984582876,-0.20088596563705327,0.25786594774560223,0.2586341826174299,45
DeepSeek,caa_per_layer_cosine,17,0.4604649774848339,0.07779005902083648,0.023503962614519175,0.9036099222152009,0.012704227990950138,0.8857674926515994,-0.22720432370334917,0.29172377273543426,0.2845681649109726,45
DeepSeek,caa_per_layer_cosine,18,0.44760012364163715,0.10536886322407739,-0.013714823466943827,0.943199911554981,0.08980110736684042,0.3087428220778663,-0.2262083364813757,0.3166478686751588,0.25907034589372935,45
DeepSeek,caa_per_layer_cosine,19,0.45630127845710183,0.1152465429080867,-0.06899552799089712,0.7171654426392728,0.09100408283237726,0.22377949316448265,-0.2656431258924481,0.2332309176063485,0.24901441365274202,45
DeepSeek,caa_per_layer_cosine,20,0.4562235331606386,0.12551943715793562,-0.09459250329454451,0.6203434832164028,0.10707514845004186,0.11010655259484427,-0.329728417033189,0.11423575597852549,0.279661338196013,45
DeepSeek,caa_per_layer_cosine,21,0.4517819260639209,0.1303622319854854,-0.08887980074115699,0.6360407248572313,0.12785885620056778,0.08662860034685613,-0.31892711980819216,0.12994217457418417,0.2803495659253533,45
DeepSeek,caa_per_layer_cosine,22,0.4693343783068011,0.11780119556689386,-0.10686214419188872,0.5625337266257352,0.15399130144195458,0.03654856274085807,-0.31440962355076363,0.12890196191400538,0.29092612314466415,45
DeepSeek,caa_per_layer_cosine,23,0.4996912966131449,0.08471080268587065,-0.1246346588308219,0.48434314644115706,0.13799677326687154,0.05734797834518659,-0.3378639405194865,0.09837186702071686,0.31315696631231205,45
DeepSeek,caa_per_layer_cosine,24,0.5201366084920095,0.07474904346587877,-0.17725471430554557,0.3235089278940406,0.12313952551863576,0.07609524872294657,-0.36069249015389515,0.07549111594475345,0.30893725356344093,45
DeepSeek,caa_per_layer_cosine,25,0.5245036104364198,0.06405162031658446,-0.19181611928377876,0.27235373231532245,0.18370268650026111,0.020231815231005215,-0.31516312119081463,0.12263302166650814,0.2986914725243903,45
DeepSeek,caa_per_layer_cosine,26,0.5283874044392215,0.07229792173979371,-0.1789554851142837,0.3103192925621533,0.15367008768321944,0.05499722248909764,-0.3149550654275768,0.09216774770648092,0.2935969246449276,45
DeepSeek,caa_per_layer_cosine,27,0.6074090481334279,0.034450507043800385,-0.2261619866648635,0.2024874531113261,0.19906908247110644,0.025183241991705435,-0.2590217724317771,0.14440051739395893,0.3136033893822091,45
DeepSeek,caa_per_layer_cosine,28,0.5636508581288897,0.04884965456912727,-0.16633709539551628,0.3473661500813535,0.1853899611331621,0.0843163682190087,-0.24862891439242893,0.14550343735815627,0.30138496065415044,45
DeepSeek,caa_per_layer_cosine,29,0.5666882873364109,0.05106387774789115,-0.15278019728594017,0.40191050186959965,0.17693355518435477,0.12815272356378204,-0.21154374733233924,0.21122606989675596,0.2885751695691854,45
DeepSeek,caa_per_layer_cosine,30,0.805371361462092,0.0057201126037361195,-0.46814446119635506,0.006652105189949242,0.08293373397988582,0.4329633882246743,-0.12547387025754372,0.5254151305910006,0.2409443870239969,45
DeepSeek,beam_per_layer_cosine,0,0.2648268807066645,0.2992909500465114,-0.13519500666691456,0.5075629189845389,0.18076404482582983,0.12974854758471926,-0.30874284830083687,0.16422189207120164,0.1816130401079541,45
DeepSeek,beam_per_layer_cosine,1,0.22169148451753662,0.3440291493280666,-0.11792520116085091,0.4942058431909534,0.09136904197853601,0.35542174983762254,-0.48500089295112087,0.022010524228383004,0.28296705883955287,45
DeepSeek,beam_per_layer_cosine,2,0.1377689590520408,0.6008781027771088,0.11303793555452844,0.5306414409366951,0.13491511315682386,0.057165204657112896,-0.42260673552327055,0.00039882034639997536,0.2835466461618974,45
DeepSeek,beam_per_layer_cosine,3,0.1487343932601253,0.5679503193994593,0.10371155992621338,0.5598652841846103,0.13780310819535774,0.05304501934940286,-0.41460956552160977,0.0005181389676362499,0.27856079220427,45
DeepSeek,beam_per_layer_cosine,4,0.16728618964253997,0.5270076736400018,0.08553673217296724,0.640656089156511,0.13798658027450877,0.05256908935471563,-0.41593497674210506,0.00012986060863296044,0.28032424702192205,45
DeepSeek,beam_per_layer_cosine,5,0.17742862144370186,0.5039452942561861,0.07124792458379246,0.697266900984197,0.14706540109964264,0.03479109653893185,-0.41482431405117665,6.2718016298177e-05,0.2821215008732423,45
DeepSeek,beam_per_layer_cosine,6,0.19711765227015607,0.4641092786009181,0.056660399398374105,0.7634966471832015,0.15461420315502528,0.020216478709762287,-0.39751416295298114,0.00010763916757062043,0.2735121224239949,45
DeepSeek,beam_per_layer_cosine,7,0.22319187924604988,0.4307314342517883,0.025565021749042054,0.899761334856418,0.17610909798402113,0.015618691548014636,-0.38614785962861775,0.0011225464238457845,0.27383980502529426,45
DeepSeek,beam_per_layer_cosine,8,0.25114985739148504,0.37580904576839436,-0.00465232993795916,0.9816113211232395,0.16832979746748736,0.0387738972226241,-0.38306317415960983,0.004183073604363287,0.26775536694469715,45
DeepSeek,beam_per_layer_cosine,9,0.2955704520496504,0.3039406497808097,-0.04214443556990638,0.8397440741512843,0.17415256820835426,0.057507090728982795,-0.37531141261195583,0.013950050217675371,0.2707452085275428,45
DeepSeek,beam_per_layer_cosine,10,0.3121335326367539,0.27007477391856705,-0.052314990640145616,0.7960704648901684,0.18378973082414035,0.054720039698792515,-0.36707172051494263,0.0301037530478544,0.2734115104924717,45
DeepSeek,beam_per_layer_cosine,11,0.32924550188268403,0.24086257360575902,-0.06628551465533285,0.7436844608036643,0.2133495545257817,0.025327183625120226,-0.35996942448461045,0.03281088988544559,0.2876565265582799,45
DeepSeek,beam_per_layer_cosine,12,0.33556316210421905,0.22186076132938382,-0.06543531421459617,0.7410717790505532,0.21090240886441375,0.03865489213868536,-0.36446826100119223,0.03606429833395334,0.2937670687963738,45
DeepSeek,beam_per_layer_cosine,13,0.3368957685472895,0.22433050676327115,-0.0650705310352846,0.7413527899474862,0.23488490934167658,0.02006579195351992,-0.33791846991624935,0.04744577808129212,0.287948437862674,45
DeepSeek,beam_per_layer_cosine,14,0.3415737259802093,0.22144286646260458,-0.0731484057403799,0.7107423291308412,0.24457071321110704,0.01676139781167429,-0.3200691277200982,0.05755955742994712,0.2792837954078373,45
DeepSeek,beam_per_layer_cosine,15,0.3585231730960271,0.20473520564615666,-0.08225500794145212,0.6799872452533713,0.2575139772015867,0.01790469729930561,-0.30985437488878725,0.06083095039623621,0.28555010332089314,45
DeepSeek,beam_per_layer_cosine,16,0.39988905115666434,0.16022294807827797,-0.1237213062303546,0.5363224752502287,0.26087560597817033,0.013171526831712955,-0.28589872374388464,0.09133674152081475,0.27568625008969794,45
DeepSeek,beam_per_layer_cosine,17,0.4188227654884296,0.14483087727358487,-0.13854350737480614,0.4909295141876423,0.23066597751115825,0.031000153459562956,-0.28608846280869676,0.0867479412978954,0.26127675553979,45
DeepSeek,beam_per_layer_cosine,18,0.4262682952429165,0.13851542089359575,-0.13857784891215022,0.4811950834469487,0.24708260715748878,0.021013736649550238,-0.2812016271012832,0.07120337499921627,0.2725436003946713,45
DeepSeek,beam_per_layer_cosine,19,0.4232414264020158,0.14051834944427127,-0.13652818077666637,0.4805590558391005,0.2371762034868103,0.03471044507728195,-0.27835345091812724,0.0665985265703747,0.2635547242950046,45
DeepSeek,beam_per_layer_cosine,20,0.44422197113224177,0.11507985195613588,-0.14952396483368288,0.42269372182163223,0.205558386873367,0.06309353411251314,-0.2648360932009154,0.04856266286050384,0.2434585966187538,45
DeepSeek,beam_per_layer_cosine,21,0.4455427214757042,0.10519070741975568,-0.1561607426360553,0.38922090350344707,0.2256330594009849,0.03479586015664557,-0.27004672587789785,0.05696573825868379,0.2558121665611457,45
DeepSeek,beam_per_layer_cosine,22,0.4453597194241264,0.10190012133918229,-0.16400067718596192,0.3517855339075371,0.20767517854767947,0.055292335880849044,-0.2659675103475933,0.06938415941893454,0.23938629310976123,45
DeepSeek,beam_per_layer_cosine,23,0.4391749288985183,0.09426127416322617,-0.16336116911373402,0.3391481638004731,0.2232526869730915,0.05012498369351577,-0.27199673788365725,0.07321755637253963,0.24860232495540469,45
DeepSeek,beam_per_layer_cosine,24,0.4352389946394528,0.08739857294784452,-0.1663859813355068,0.3280454746179211,0.2314921085075708,0.05182895458478424,-0.29030419028503585,0.09549407392434461,0.2622064979250488,45
DeepSeek,beam_per_layer_cosine,25,0.4290246038095578,0.08469217973397132,-0.17074507713157622,0.3154926207412564,0.24447581990829007,0.04264874977698124,-0.2850443145931977,0.1354952996910853,0.2612246217234845,45
DeepSeek,beam_per_layer_cosine,26,0.4122202238328019,0.09173605329636099,-0.1639711091344679,0.33147967828320446,0.2360034099670054,0.050528884995342575,-0.2946537590648667,0.15505504362831363,0.25607743169000274,45
DeepSeek,beam_per_layer_cosine,27,0.4007497711440851,0.10209098696858603,-0.15945651605129943,0.3583654984395859,0.2204636351025053,0.07307914037724346,-0.282963090407269,0.20116397617591752,0.23434376642333865,45
DeepSeek,beam_per_layer_cosine,28,0.40233538633502824,0.10156720771638077,-0.1660144483266192,0.3430444455021481,0.22337405683392011,0.0780981934577791,-0.26906461742880117,0.25868736729957276,0.22523302019070846,45
DeepSeek,beam_per_layer_cosine,29,0.4046312559454458,0.10218774456349364,-0.17307010926488237,0.3109526561295337,0.2212476911598191,0.07167561415662738,-0.22395714720928922,0.3150294954922188,0.19550216240662588,45
DeepSeek,beam_per_layer_cosine,30,0.5782926178091319,0.023310690896912855,-0.409895358830072,0.02355983175693383,0.23809875427568106,0.14204663245934684,-0.20132822564818104,0.29393361054508227,0.21163882385839627,45
LLaMA,caa_per_layer_l2,0,,,,,,,,,,45
LLaMA,caa_per_layer_l2,1,0.6968700715667173,0.0008791509853304662,-0.4955093011456811,0.005376401998990448,-0.1558847198731562,0.3287978173869339,0.026972425802078575,0.8726211301977977,0.1587618382272461,45
LLaMA,caa_per_layer_l2,2,0.7113896353125595,0.0011247911191084909,-0.5280350172917684,0.0033387341708869477,-0.16383272026242302,0.29898175624802814,0.07344041665371291,0.6691074356684203,0.17088421741815552,45
LLaMA,caa_per_layer_l2,3,0.6785099827915195,0.0018302352807728316,-0.5358193044568038,0.005546324308200347,-0.16568292653107944,0.3750955034698651,0.0710564303764263,0.7026675660801203,0.15457618777235882,45
LLaMA,caa_per_layer_l2,4,0.7346951552723286,0.0030690549573355497,-0.6688923860867878,0.0022604218504537806,-0.11916852732592463,0.44830965568736025,0.04061409284720328,0.8066427196050251,0.1522432457576901,45
LLaMA,caa_per_layer_l2,5,0.7442242591599089,0.0007202694841684315,-0.6941032195145665,0.00039220992062580115,-0.11429986143363495,0.4382519748327447,0.0628153008445832,0.7204339553592698,0.15936567339215035,45
LLaMA,caa_per_layer_l2,6,0.7414069444490056,0.0015523011419940184,-0.5844964344401483,0.0016119052024935513,-0.16067017535570907,0.26510418572061945,0.058118066665847956,0.6813805013172545,0.1727533517515798,45
LLaMA,caa_per_layer_l2,7,0.5768851403190074,0.026476493624036847,-0.37668696848476635,0.06252099682750575,-0.18898068982424,0.23064523369924073,0.01817255755235707,0.8736513018955283,0.13515416418792248,45
LLaMA,caa_per_layer_l2,8,0.456786962921633,0.1329970190953457,-0.4551039301020395,0.05783958664109835,-0.12553004485293712,0.40637198700903343,0.14678577689127004,0.21334092375413005,0.1012019119067018,45
LLaMA,caa_per_layer_l2,9,0.07553211950131203,0.7971824911294996,-0.00728573714760914,0.9735719890204868,-0.08512071412473408,0.6109428133915903,-0.017631684969257128,0.8992422558812504,0.011623386265954494,45
LLaMA,caa_per_layer_l2,10,-0.08269240345946441,0.7587237543199519,-0.07376792270427926,0.7118111991683199,-0.098971081981882,0.5352743287294728,-0.008195520765632456,0.9588867674659673,0.03233478815419888,45
LLaMA,caa_per_layer_l2,11,-0.30334960875079753,0.2683287230284992,-0.03933487731369492,0.848148210653039,-0.1284035620936312,0.3807117498372574,0.03819540095280028,0.7571482996809464,0.1346346266144749,45
LLaMA,caa_per_layer_l2,12,-0.4797142121924939,0.044583324163431796,0.03665136413947073,0.8337114115302326,-0.06972673382076328,0.579741974372463,0.06325007624892923,0.6298456141970226,0.21196928210371657,45
LLaMA,caa_per_layer_l2,13,-0.5796703300177403,0.013472604471565853,0.010774955227700504,0.9525362039315196,0.006969742926569434,0.9126727712247111,0.14833484884501724,0.2988651659833246,0.3468351828684154,45
LLaMA,caa_per_layer_l2,14,-0.5971237853835178,0.0027533153735770323,-0.011761459626099645,0.9398544296732387,0.07318056193370195,0.340852485164332,0.16456545362970357,0.2791256843784774,0.39542060239302945,45
LLaMA,caa_per_layer_l2,15,-0.5551512785270459,0.004590114632297395,-0.038061902106955835,0.816658795929163,0.0436774251306859,0.7455980724316278,0.09961614402412551,0.5170614373375013,0.3560235071896257,45
LLaMA,caa_per_layer_l2,16,-0.43557545963503774,0.02445269116757661,-0.05202282163088607,0.7856681704124839,0.06113851813660104,0.7216400507999223,0.08702918279151217,0.6120684158168481,0.24047541164297126,45
LLaMA,caa_per_layer_l2,17,-0.4132075154565211,0.04668398991534316,0.09124100676395132,0.645725201794364,0.09010125467713555,0.6552696821714269,0.09533509506162864,0.6128604883397165,0.12660752078797677,45
LLaMA,caa_per_layer_l2,18,-0.30975848199101796,0.1349184991036066,0.03637929404450908,0.8597071807647513,0.0965594286488264,0.6431392641176612,0.13352043782972184,0.4527757694964879,0.09854046186976317,45
LLaMA,caa_per_layer_l2,19,-0.26152360779621964,0.2023701629737229,0.16798679535996938,0.42630191116155525,0.04567866040115338,0.837591739167528,0.1583376730618055,0.3903095741188125,0.043954334626363,45
LLaMA,caa_per_layer_l2,20,-0.26591548542266025,0.19768938926020896,0.18011239578188315,0.3977949684213985,0.051405248492001426,0.8192238084733537,0.14189075204581256,0.42821636794277074,0.039201074225772015,45
LLaMA,caa_per_layer_l2,21,-0.28052498410974697,0.16496341603302245,0.2502455703761352,0.21185768954546347,0.04039889442143735,0.8606155243338564,0.1309450312703365,0.46263103519840376,0.03562784802577712,45
LLaMA,caa_per_layer_l2,22,-0.29037097847318055,0.16536918954672142,0.30248671305645963,0.1415718537601424,0.01378263748476738,0.9509843411810404,0.11292783795538279,0.48724566034531336,0.035505721073938235,45
LLaMA,caa_per_layer_l2,23,-0.22935920310780009,0.28499898196607665,0.2374452585648576,0.25975501385535427,0.019382841115646685,0.9329392062489392,0.1376156340018247,0.4029885653775148,0.03244352762702141,45
LLaMA,caa_per_layer_l2,24,-0.3005995157911679,0.1440291484164223,0.6117366851342034,0.0019019473590725705,0.01388533653004788,0.9422004477518937,0.12057280673903813,0.391680465930898,0.15924439018277148,45
LLaMA,caa_per_layer_l2,25,-0.3182855629115651,0.1105095131562888,0.7451038333500094,0.00011487865654919818,0.007081346615572519,0.9664092663045242,0.1206960002898015,0.33719023278804416,0.2589582603492031,45
LLaMA,caa_per_layer_l2,26,-0.2759005465539012,0.20099499489050787,0.5966594236323626,0.003991872398116695,-0.006680840907250392,0.9718964334019675,0.14774705139169872,0.26236674035868734,0.16868715089360153,45
LLaMA,caa_per_layer_l2,27,-0.25782647436876127,0.24184283536141493,0.5424962254469488,0.010746789156768929,-0.008777670651125967,0.9650265029850145,0.13925158750166644,0.32102702700363484,0.13801607623427148,45
LLaMA,caa_per_layer_l2,28,-0.2311696699873559,0.30269436795632876,0.47152231362637825,0.030223924438605332,-0.011519848948161932,0.9550284496864769,0.1542306807203892,0.27710109232359315,0.1113260000926608,45
LLaMA,caa_per_layer_l2,29,-0.19132391262043624,0.40641502426121856,0.47557956629175036,0.03556693559612918,0.006831448692675136,0.9720657839507634,0.14972550764351392,0.28919953311433944,0.12677653283925883,45
LLaMA,caa_per_layer_l2,30,-0.17110024212853095,0.47438744714735404,0.38787694642417425,0.09527809321071651,0.02577575386081129,0.8986001518755791,0.1532668994511021,0.29322701053967914,0.086724439796794,45
LLaMA,caa_per_layer_l2,31,-0.186898651623782,0.4429388982461322,0.3579591161552758,0.1246812238991741,0.04048711210610823,0.8505359802213078,0.1662970059242802,0.26303310911667854,0.07291015341752727,45
LLaMA,caa_per_layer_l2,32,-0.12027841581109083,0.6160738323722723,0.2647806043862955,0.2557585580805469,0.09490645726308132,0.6441816532342107,0.14203892098462875,0.36811231685711987,0.051858585151121295,45
LLaMA,caa_per_layer_cosine,0,,,,,,,,,,45
LLaMA,caa_per_layer_cosine,1,-0.6669688881117141,0.0008869535996120883,0.47634840309234877,0.00554712265601817,0.14001761426492645,0.38781240370736136,-0.05438893697177144,0.7455308107450502,0.14647699488072619,45
LLaMA,caa_per_layer_cosine,2,-0.677858523695875,0.0012708234808906731,0.4992023416870623,0.0040309722133912325,0.17477339923917576,0.2709672840613764,-0.07190447952460374,0.6829609293026229,0.16309664117861755,45
LLaMA,caa_per_layer_cosine,3,-0.655013302398648,0.0023279193860653346,0.5197134523954369,0.005966259816924222,0.18393083342279923,0.33411004861547833,-0.06402128869552373,0.7336481893111073,0.15184577923298193,45
LLaMA,caa_per_layer_cosine,4,-0.7092477538395436,0.004081769866218354,0.645393014101313,0.0028381565769456155,0.14665907730404784,0.34811651171595837,-0.03785461163813775,0.814542025299695,0.1505404288434129,45
LLaMA,caa_per_layer_cosine,5,-0.7145487829735958,0.0008141463283828414,0.66816694074003,0.00047574711817670215,0.12475065663040726,0.4491420914145511,-0.09328799678523676,0.5871423163019588,0.1581190085886639,45
LLaMA,caa_per_layer_cosine,6,-0.734575998727507,0.001090332254242446,0.579978028317664,0.0013491129182993343,0.1447566896099775,0.2950883786359647,-0.060180025091782795,0.682685895925008,0.16517980589658787,45
LLaMA,caa_per_layer_cosine,7,-0.5749317399299357,0.024171580472313544,0.3783156850056098,0.06150851873181937,0.1598622413278146,0.2955671311237956,0.0032231440519386832,0.978167615468559,0.12137167624397005,45
LLaMA,caa_per_layer_cosine,8,-0.457357195268094,0.12855364090313007,0.4572903785492057,0.057080629591069965,0.1636838667854512,0.2844682543667959,-0.08581725450493473,0.4962497602230598,0.09623762747541442,45
LLaMA,caa_per_layer_cosine,9,-0.06120411617199768,0.831651872503756,-0.0064642707588342336,0.9767323272056081,0.12042300490002586,0.4680833259510838,0.005767686673640443,0.9689920946055993,0.018669037488099338,45
LLaMA,caa_per_layer_cosine,10,0.0948075942567008,0.7275031882979401,0.08605947841359866,0.6769660308848238,0.1762654285967942,0.2423923103567307,0.05230203602756772,0.716769106108255,0.05984480066082132,45
LLaMA,caa_per_layer_cosine,11,0.32328395209933375,0.22312414712122752,0.04080490475062037,0.8448614153045377,0.21338182196218136,0.12454508469718878,-0.003433812582819982,0.9756330138537208,0.17498224619934843,45
LLaMA,caa_per_layer_cosine,12,0.4984416979954815,0.03311751179542922,-0.032651967209042884,0.8548315131813541,0.1730975432163036,0.1492030243967242,-0.03772178779374205,0.7576066979099046,0.2558420935118091,45
LLaMA,caa_per_layer_cosine,13,0.5763381722238317,0.01334240150398743,-0.002589651432076989,0.9885553313228427,0.09941650212439145,0.20308064747156607,-0.1268211917706532,0.38250966331441805,0.3617299967609223,45
LLaMA,caa_per_layer_cosine,14,0.598973866813348,0.004400606452270725,0.03452192019260053,0.8310390575858504,0.05343254503894906,0.5619656997528346,-0.12327558367129349,0.3924030241640547,0.41714136727879725,45
LLaMA,caa_per_layer_cosine,15,0.5592385804400237,0.006263618693543324,0.08091965720476621,0.6228632302222628,0.022144076208149007,0.8606644160587307,-0.06963363863486752,0.6254655219873643,0.4039553273344263,45
LLaMA,caa_per_layer_cosine,16,0.4316856392484053,0.025318766423280955,0.12394597000446872,0.512965381562074,-0.005912105378118377,0.9684692331685958,-0.09625150575599449,0.5447282192203154,0.30362655946885,45
LLaMA,caa_per_layer_cosine,17,0.4024107638754758,0.05046073800279484,0.00865757365605931,0.9661673897885659,-0.06540103351322152,0.7114988647365764,-0.09647831941569564,0.586556596963377,0.17854957749397316,45
LLaMA,caa_per_layer_cosine,18,0.3035614423944042,0.1313496612002422,0.061081769349096066,0.766515619454282,-0.05833740457645873,0.7541031769611045,-0.132884473722548,0.4585320814283601,0.14533221529228368,45
LLaMA,caa_per_layer_cosine,19,0.25254333890241776,0.20481157519953253,-0.02569897423717643,0.903152674443587,-0.009323822139630624,0.9620411613024216,-0.16057763252308427,0.37540781118599065,0.07830917975302121,45
LLaMA,caa_per_layer_cosine,20,0.2550582476165833,0.2093425080425867,-0.04686300286641775,0.8295950122899594,-0.014505416094419448,0.9432813434586735,-0.14160643476338314,0.41356286397075315,0.06575534804917871,45
LLaMA,caa_per_layer_cosine,21,0.28986683979163236,0.15394376175354507,-0.13410101916009354,0.523834548569662,0.0030143718000511435,0.9887240783144008,-0.12276322429349218,0.47424016119629253,0.04978255087347361,45
LLaMA,caa_per_layer_cosine,22,0.28998321396893845,0.16606861636530235,-0.193678818634166,0.3708170406132786,0.011072444540022354,0.9574139664330984,-0.10472666089048084,0.5131120342387023,0.03575499225132717,45
LLaMA,caa_per_layer_cosine,23,0.2253707948749639,0.27855840950700095,-0.14297302765236747,0.5053758104985782,-0.005771812764678315,0.9779967163496462,-0.12558531173004775,0.4408936592656344,0.030742417629407548,45
LLaMA,caa_per_layer_cosine,24,0.2876816784618673,0.15608304331999376,-0.45716727577936395,0.02653208722521243,-0.008739547169741574,0.9638542833631791,-0.12093396996042209,0.4224103801302772,0.07761657324549642,45
LLaMA,caa_per_layer_cosine,25,0.3169320068289594,0.1019889696351445,-0.6202872879400699,0.0019168336118189138,0.005275675589515866,0.976373347885163,-0.11058511256724633,0.43402125278064574,0.1564474831398479,45
LLaMA,caa_per_layer_cosine,26,0.29113510533914505,0.14437667682835045,-0.49927651046937604,0.015003890506857609,0.0143126856000855,0.9424659540352451,-0.11839087027361628,0.43221207791276883,0.09673479197192014,45
LLaMA,caa_per_layer_cosine,27,0.2718400694410596,0.17574135391325407,-0.4736669304120503,0.021943469168395537,0.02128101228010007,0.9130536444967721,-0.12504023577581366,0.4130832329757401,0.09210705316966239,45
LLaMA,caa_per_layer_cosine,28,0.23482220560135483,0.2556160373867372,-0.3916723930148241,0.06847556673403835,0.01156579748389755,0.9537561876098062,-0.12730080746814396,0.4112821917479057,0.06593502010315688,45
LLaMA,caa_per_layer_cosine,29,0.21006691450558884,0.31629319857571003,-0.41439800209397715,0.058308484676473205,-0.009633277393376698,0.9593017715918638,-0.12868669104629812,0.39988268216009926,0.08076945032579608,45
LLaMA,caa_per_layer_cosine,30,0.1722144008877686,0.43945403584252607,-0.30362100590667584,0.19069126601368125,-0.014916353967719023,0.9384416748232973,-0.12112798375176892,0.43520471433975016,0.04507521391767455,45
LLaMA,caa_per_layer_cosine,31,0.1648865368726339,0.47495089433572035,-0.24353431146658258,0.3035897123319491,-0.05488281771757267,0.7712595590824919,-0.15362121417521857,0.31185033082585656,0.039260556534708724,45
LLaMA,caa_per_layer_cosine,32,0.1327298846357784,0.5783953634486595,-0.23377639599951222,0.33783194099579217,-0.0788859392483718,0.6664462084946987,-0.13865518823121176,0.35363339445275754,0.038484635569312586,45
LLaMA,beam_per_layer_cosine,0,0.45975862729628214,0.0004501872205589676,-0.09017677606172159,0.39885336061080534,0.17332728844225137,0.3352074466128607,-0.42049606860846583,0.039230849614925144,0.3901245172395944,45
LLaMA,beam_per_layer_cosine,1,0.4843495222948869,0.001460626400773932,-0.0725509508864567,0.545493203754647,0.185375633232927,0.3758524860454573,-0.36873730915759617,0.030710744603594083,0.38269589238755886,45
LLaMA,beam_per_layer_cosine,2,0.44152448357402896,0.005250223612687393,-0.029384094983030858,0.82203470761332,0.21455875755428958,0.35541126899448905,-0.30699463395883597,0.06583385832112353,0.3458585734956289,45
LLaMA,beam_per_layer_cosine,3,0.4528895343259261,0.007037386703874409,-0.017831958081172813,0.8890325598670776,0.16392258650620348,0.48380687897161423,-0.30204199151619043,0.07282340960787245,0.3337807806455101,45
LLaMA,beam_per_layer_cosine,4,0.40767857760799175,0.009732228922668035,0.022104150564172368,0.8677346672097364,0.12986680973661224,0.568725217360625,-0.34371671957780214,0.026283150114466615,0.33922643222699145,45
LLaMA,beam_per_layer_cosine,5,0.42761146900251923,0.0068168515386581,-0.00514700471131204,0.9693961982434577,0.11735126059348887,0.5947870076969474,-0.31943202157997025,0.04194238814117902,0.3132436689866751,45
LLaMA,beam_per_layer_cosine,6,0.4325489204251495,0.006766436191344473,-0.015577517170893167,0.8983552736223775,0.1283655139275897,0.5680360891456486,-0.31028984792729364,0.04263797306519439,0.3079288996024917,45
LLaMA,beam_per_layer_cosine,7,0.46044581456485684,0.007100634811743391,-0.02086092432791343,0.8781193839947364,0.09639017056363758,0.6592125149176722,-0.3081548852381097,0.027142936037771195,0.31458304854929353,45
LLaMA,beam_per_layer_cosine,8,0.47030835483618993,0.005138536560768703,-0.03615264565020062,0.7693128847617094,0.08302138056840423,0.6952592590452913,-0.32739443097870863,0.02840751039798383,0.3203840840545068,45
LLaMA,beam_per_layer_cosine,9,0.4856381536650619,0.0038725188378584316,-0.033048056523821145,0.7826978598181931,0.08648409193202292,0.6759222158408975,-0.3107544625607623,0.01857647959059998,0.32629750158290904,45
LLaMA,beam_per_layer_cosine,10,0.49687305263861264,0.003932187320893065,-0.03030771985348961,0.8078132437983483,0.10896747466145808,0.5831617408075846,-0.33389794243690213,0.005281473254570453,0.3628574009824862,45
LLaMA,beam_per_layer_cosine,11,0.48752397165478195,0.005292568942660529,-0.008709201659845971,0.9456469701293314,0.0950086698355347,0.6140338271187087,-0.33842385374068695,0.00362258327519474,0.36970549381015994,45
LLaMA,beam_per_layer_cosine,12,0.45689589605352127,0.008182824332187604,0.014599289186686988,0.9118107531166733,0.11307132333525602,0.5343563139558696,-0.3474938476405897,0.0021518177002511265,0.37334834067707245,45
LLaMA,beam_per_layer_cosine,13,0.47330054474208016,0.0055942784819955245,0.0005614412858992067,0.9965972952201957,0.1175787792080546,0.5198146002532515,-0.3434824510551665,0.001457503008269139,0.37608055677549557,45
LLaMA,beam_per_layer_cosine,14,0.44931238673378193,0.007319825452888492,0.03225331968809468,0.8100551361778068,0.10765390561830517,0.5215401546314513,-0.3521921275727049,0.0005905146821045806,0.3822986417639873,45
LLaMA,beam_per_layer_cosine,15,0.4591531144098927,0.00930131185146968,0.015938997834589193,0.906163394856021,0.07184386966725578,0.6419351105256358,-0.3437396586513962,0.0016808095076113658,0.35920739502121213,45
LLaMA,beam_per_layer_cosine,16,0.4619130837757022,0.010449733834189488,0.017012496704620465,0.8973997361506036,0.06815437760403871,0.6779807273144283,-0.3772294837742222,0.00032676069722051607,0.3868479986018236,45
LLaMA,beam_per_layer_cosine,17,0.45222796522090375,0.008578824484868295,0.02194263122038423,0.8630471296247296,0.09408862897901267,0.5532680675347577,-0.38150296036788306,0.00024288438751093826,0.3942148363268283,45
LLaMA,beam_per_layer_cosine,18,0.482302474349555,0.005941808079437375,0.016532588741243845,0.8971446211258022,0.08652038673639197,0.6165009562779719,-0.3570209636321874,0.0003671959631501818,0.396826416873575,45
LLaMA,beam_per_layer_cosine,19,0.4615554878619662,0.006324073709087195,0.02294507876273223,0.8540182127287487,0.0917942382962557,0.6078615636999973,-0.36358325917249834,0.0004738077432240626,0.3889279319442823,45
LLaMA,beam_per_layer_cosine,20,0.4773647459837938,0.004017761489555246,0.029987101382730367,0.8055927478575616,0.08931429186173728,0.6254077596347183,-0.36125093404657,0.00016052518390190568,0.40792627879384935,45
LLaMA,beam_per_layer_cosine,21,0.46673820225194584,0.003949610790447419,0.01932499472594201,0.8688847983257032,0.07675472023931557,0.6778769085432235,-0.3675742479047762,0.00016793283847047253,0.38871150615416294,45
LLaMA,beam_per_layer_cosine,22,0.4854386987423387,0.0034070511064116797,0.021525878018358785,0.8534481100683798,0.0851940390494933,0.607458455596803,-0.3772720883318377,0.00014806341859106302,0.4196059248225712,45
LLaMA,beam_per_layer_cosine,23,0.47880193777188274,0.0027551672351963496,0.018676091457200252,0.8682579138964546,0.11121886131191566,0.5093436344713513,-0.3855778366740632,0.0003707535464812563,0.4271893485175692,45
LLaMA,beam_per_layer_cosine,24,0.47166569822019344,0.0033846537387767746,0.02327462928838124,0.8350278890024083,0.1141311282856556,0.4667293988053378,-0.39466243301300336,0.000830490504421557,0.43293698676281844,45
LLaMA,beam_per_layer_cosine,25,0.47762067276548953,0.0027689862522008593,0.013437472435001332,0.9018392515786608,0.11972694689856779,0.4387085076239692,-0.4029397798783478,0.0011877179686941158,0.43979180379223093,45
LLaMA,beam_per_layer_cosine,26,0.4944139981536771,0.0022848584732591544,0.016980267147375633,0.8775473322461776,0.1040277601599996,0.4526430639660174,-0.3974743478796866,0.001810662129293899,0.4483884435209471,45
LLaMA,beam_per_layer_cosine,27,0.49584688542041244,0.0017978695739122397,0.01595483651453373,0.8845169170121788,0.11222882163322992,0.4258200837245677,-0.3924614586915961,0.0027919472341251675,0.4480691282956917,45
LLaMA,beam_per_layer_cosine,28,0.5012624642906892,0.0016453981039662425,0.028666072777599357,0.7943204208088157,0.10645069043463688,0.4267145343675921,-0.38643528018575324,0.0026258983089976883,0.4578644425814494,45
LLaMA,beam_per_layer_cosine,29,0.4984275876927299,0.0019106879950727704,0.033000672699681606,0.7707052111627877,0.09909492657841786,0.4531865909622549,-0.3895633168113354,0.0030910285038869903,0.45858122315371874,45
LLaMA,beam_per_layer_cosine,30,0.5191942148855692,0.002038539794838707,0.028101231829053885,0.8102259710739448,0.0815921897966221,0.5032033435150584,-0.3800982992332394,0.003464896985654289,0.4620190405737252,45
LLaMA,beam_per_layer_cosine,31,0.5453496715491298,0.0012024946290888497,0.03975375352688313,0.7354265087989609,0.05728677713452744,0.6205607882451284,-0.3576025039109303,0.0022584327224356875,0.47782984604958656,45
LLaMA,beam_per_layer_cosine,32,0.6478566743066344,0.00025381559128825394,-0.09025328878368442,0.4893014069915229,-0.00473432325718306,0.9810495603109527,-0.3274653133601908,0.0005375811774479903,0.4328480294320578,45
Mistral,caa_per_layer_l2,0,,,,,,,,,,45
Mistral,caa_per_layer_l2,1,0.5102571431622449,0.02551410585501652,-0.2737583097807549,0.17705607037599091,-0.2557740853734037,0.013809732408495841,0.28103428333806896,0.09505077034481352,0.27243790795274503,45
Mistral,caa_per_layer_l2,2,0.6583681197164549,0.004819140099249502,-0.602515035709876,0.0006132242993416733,-0.20814153712036956,0.0233187631253033,0.3173853687634086,0.04554155117834866,0.2842479235999398,45
Mistral,caa_per_layer_l2,3,0.7634346821274121,0.0003700792381044884,-0.7338425859337385,2.1843595984729196e-05,-0.14081338933456214,0.318494797627653,0.15240029975648287,0.32028910942720357,0.20229980807592807,45
Mistral,caa_per_layer_l2,4,0.6137158616300633,0.0029438033597907203,-0.6627831214362813,0.00010960665429151214,-0.20591913797345113,0.1715451606505316,0.23365256171002624,0.1721403981166577,0.23033762056935847,45
Mistral,caa_per_layer_l2,5,0.4288570009638544,0.06221171163810575,-0.594043478463996,0.0005018111157192921,-0.15374161314418475,0.19607288045351345,0.19873729821116815,0.3348616875565834,0.17263114731133888,45
Mistral,caa_per_layer_l2,6,0.5127416568708041,0.014582984011187237,-0.7194044829765324,2.56742037691586e-05,-0.22637113402572068,0.025719032768291402,0.22710915307706261,0.2479009202879694,0.2680827285126217,45
Mistral,caa_per_layer_l2,7,0.609448017068415,0.001268461693624126,-0.8800427606592619,3.0214147267327936e-07,-0.22162322222636374,0.018628370087239263,0.14737941268852603,0.4386184039556569,0.301613965655963,45
Mistral,caa_per_layer_l2,8,0.5496936502043017,0.018927635764091327,-0.8769458600566826,3.9552395552062604e-06,-0.17720399408528972,0.07721172054263713,0.0667326927673515,0.6717506203632941,0.2759603923213507,45
Mistral,caa_per_layer_l2,9,0.4845991621366624,0.06097700867586094,-0.8559590437349552,3.932340376395373e-05,-0.10150646954051244,0.35127193202262497,0.03219168321568547,0.8437308468374014,0.26031569522703757,45
Mistral,caa_per_layer_l2,10,0.3100714144259992,0.28422722370547904,-0.7541939118222458,0.0007389386219272201,-0.049266045858159066,0.644352740616082,0.03901126970578672,0.8093744847448573,0.2638505336902571,45
Mistral,caa_per_layer_l2,11,0.23830102589892027,0.4141469883379635,-0.5317030309953006,0.016836072114451255,-0.0044545808307707045,0.9710708203625547,0.15159103502754884,0.42262500342961873,0.1428532457297721,45
Mistral,caa_per_layer_l2,12,-0.1816666045505206,0.45852250729345434,-0.37899878879796833,0.04849545794155349,0.07380348428980424,0.309306561405859,0.27272342288898516,0.16329869524473362,0.3661323924990094,45
Mistral,caa_per_layer_l2,13,-0.25360527092147966,0.28883257321370037,-0.27867980695089234,0.14381190237392197,0.011930143527370894,0.8852371759670765,0.2571343097559459,0.17954996382507848,0.3294326236435736,45
Mistral,caa_per_layer_l2,14,-0.31396890059081256,0.131308472288424,-0.3129706577253925,0.06109188383154008,-0.06451201294914524,0.4024388682766642,0.2662592739322426,0.11775191223779978,0.4505987223052187,45
Mistral,caa_per_layer_l2,15,-0.5301162359874095,0.005146633272720209,-0.15390323801053546,0.3230088772073283,-0.024995637972289337,0.7824817898538066,0.2572760659216346,0.0936103788708288,0.5163204393992936,45
Mistral,caa_per_layer_l2,16,-0.6872437111554213,1.3294506169866992e-05,0.0057241529433461474,0.9685253314266532,-0.036754735084895435,0.7193458616294599,0.2407776639077217,0.10120679213418751,0.5291706950767359,45
Mistral,caa_per_layer_l2,17,-0.71731202390687,2.4130437515885876e-07,0.06689258466633317,0.6509402414235259,-0.09598612459533293,0.3596763232084227,0.24510488874840894,0.06348668557009354,0.516532578265181,45
Mistral,caa_per_layer_l2,18,-0.7025721413219956,2.216343161770806e-08,0.06818289439524265,0.6438049463054013,-0.1222404834921255,0.30350766454901945,0.26497335109814724,0.04522382049518264,0.5161254882000799,45
Mistral,caa_per_layer_l2,19,-0.6755161502686889,7.2887104160564635e-09,0.0918591791603263,0.5190300181146522,-0.11526677175904362,0.41242144803839353,0.32196195286906204,0.01204537013266212,0.4921721089400085,45
Mistral,caa_per_layer_l2,20,-0.67594773386102,2.382537499933906e-07,0.1835615237634493,0.26069597187877225,-0.1604124726940521,0.33220702011725733,0.30585637926064496,0.03342162639472717,0.4185235037821622,45
Mistral,caa_per_layer_l2,21,-0.6538362226755331,1.8982215874096876e-07,0.17984799502166826,0.2699604917160534,-0.18267119455118075,0.2989776177305842,0.2998900438302497,0.04772979814419355,0.40585825107374374,45
Mistral,caa_per_layer_l2,22,-0.6119587451859381,1.0850247492355995e-06,0.13425936921657464,0.40923618854386756,-0.19367041603659407,0.29394442545853083,0.3003743700464832,0.057251963861897084,0.40613347826175616,45
Mistral,caa_per_layer_l2,23,-0.6011380665797831,1.7115518220239712e-06,0.14713856808041156,0.3618354481673127,-0.18512920306587766,0.3073738531729845,0.3134228648324492,0.06094925652845389,0.39041233853263424,45
Mistral,caa_per_layer_l2,24,-0.6010223673339719,2.222818856745215e-06,0.16287133871916595,0.33512992589915924,-0.17449263437026422,0.3419789628190252,0.31113437252760556,0.0574761363332708,0.37167932891350275,45
Mistral,caa_per_layer_l2,25,-0.5756458701145711,7.92412181488523e-06,0.15398841926135517,0.3695263365801338,-0.17763938439498586,0.36215215903209563,0.3131417237805346,0.0654432609070103,0.3580738922519202,45
Mistral,caa_per_layer_l2,26,-0.5583349075386836,8.042780875672819e-06,0.12720839624524502,0.45056967087236266,-0.18968635220273675,0.3265277187288804,0.3206807562957353,0.05777032219410659,0.37325378839690426,45
Mistral,caa_per_layer_l2,27,-0.536584352643762,7.649145380922067e-06,0.1118777566198088,0.49036284618123605,-0.18645959254136915,0.3523644231691526,0.30526712399640665,0.08328052149813478,0.35208007670856645,45
Mistral,caa_per_layer_l2,28,-0.5206092299020668,1.0861686605648749e-05,0.11205546778203107,0.4903632028617255,-0.18466397826084788,0.3664117802634248,0.3156486447647576,0.07149481922457604,0.3446241385817519,45
Mistral,caa_per_layer_l2,29,-0.5001060097008848,1.652872745478603e-05,0.09687134244428389,0.539365983596414,-0.1948444802910596,0.36409404841400217,0.3082832278484602,0.08030400936333724,0.33783582008053603,45
Mistral,caa_per_layer_l2,30,-0.48704799914936253,2.313453774736264e-05,0.08689319298612087,0.5880176841104874,-0.19435941603635634,0.37791574258968674,0.30014483510055834,0.08517942088347454,0.32775591067812004,45
Mistral,caa_per_layer_l2,31,-0.4599075872164186,8.06281823718411e-05,0.07655393240578547,0.6378755116002683,-0.19924658032934703,0.37359326236722423,0.2736981211879146,0.11959244723100686,0.29759786359831764,45
Mistral,caa_per_layer_l2,32,-0.4600003968387932,0.0006972852290905044,0.11492294969855085,0.4962670361629068,-0.21189693845052412,0.363451062845899,0.24125998820318018,0.1560359952940873,0.2612003704018293,45
Mistral,caa_per_layer_cosine,0,,,,,,,,,,45
Mistral,caa_per_layer_cosine,1,-0.34769179228584823,0.005384799279372461,0.15528426838324264,0.18801673173097666,0.23926053342996378,0.028519634121462634,-0.424407382798858,0.04654454190356216,0.33842109584670066,45
Mistral,caa_per_layer_cosine,2,-0.4934692951544708,0.006166025735340734,0.4237242031539522,0.0006085008556084337,0.2349600953743965,0.04709554726257471,-0.4075299211079603,0.02721413394575503,0.3282775724885829,45
Mistral,caa_per_layer_cosine,3,-0.635150590311143,0.0021082780680282574,0.6513538988480516,2.5601964050118382e-05,0.0963981612733514,0.4796771143210907,-0.28856555155438346,0.08912308058900965,0.21564157047102883,45
Mistral,caa_per_layer_cosine,4,-0.5121633412109642,0.002811363406220358,0.5578388474231447,2.515394490198378e-05,0.13923411539811942,0.3145830352277743,-0.35835010134649153,0.062120736894440566,0.249747352782829,45
Mistral,caa_per_layer_cosine,5,-0.4470236888231033,0.006940366638174115,0.564979361433605,2.630079018054152e-06,0.15222153889623907,0.26957352733409434,-0.37853880451986666,0.07307775790824793,0.27527807973954066,45
Mistral,caa_per_layer_cosine,6,-0.5042990140361937,0.003092718002501128,0.6441904254284684,2.461550268830174e-06,0.1687526584015407,0.21684524297921703,-0.33688002308467524,0.1182463272946984,0.27513958046136666,45
Mistral,caa_per_layer_cosine,7,-0.6441004812486864,0.0011609783261491184,0.8593936976182366,6.671938679391064e-07,0.1396557683955166,0.264646082386927,-0.2089724823875756,0.2712523976761363,0.2699118178741807,45
Mistral,caa_per_layer_cosine,8,-0.5593005075106632,0.01830832450460383,0.8382025183269265,1.7546820091947525e-05,0.14312349314700448,0.3120004175269797,-0.10874212849676726,0.5596502949132807,0.24144494163941654,45
Mistral,caa_per_layer_cosine,9,-0.48215638311276593,0.06902216336056347,0.8175110853432442,0.00017020020762282783,0.10862062784150618,0.49113791650096617,-0.07384723732811145,0.6753051017903979,0.23766893690339141,45
Mistral,caa_per_layer_cosine,10,-0.2890661898224727,0.3273450249642563,0.712278805128391,0.002125185979116854,0.10641202312994132,0.46677195443572805,-0.028525411454751952,0.8547559331499526,0.2470705603261446,45
Mistral,caa_per_layer_cosine,11,-0.220144680206325,0.4669674809023955,0.5223841363322722,0.02486742225050491,0.0674458379417707,0.6410670215461995,-0.12338492758119166,0.46681283749211366,0.14555018229388916,45
Mistral,caa_per_layer_cosine,12,0.19127179311053294,0.4398033221509787,0.35963627165902073,0.06632887104204666,0.018022758664416036,0.8404675908677983,-0.27289740788067285,0.11718480187726747,0.36255554750752206,45
Mistral,caa_per_layer_cosine,13,0.270311570481964,0.2558998298389199,0.2501367844133807,0.18859268031546061,0.07730147949863611,0.36537662976943275,-0.267254564666818,0.11722395605194369,0.3405521036731495,45
Mistral,caa_per_layer_cosine,14,0.362157513031749,0.08462103246382144,0.2610910099945746,0.1270186129095926,0.09276495275236213,0.18881898722474644,-0.2613413186426369,0.08959667407710051,0.4522758389518361,45
Mistral,caa_per_layer_cosine,15,0.5638882917079601,0.0025445884681586997,0.12482413303462835,0.42603779156291033,0.07132756846025821,0.3592951844613761,-0.25304502496695996,0.06419378417968846,0.5337180965313295,45
Mistral,caa_per_layer_cosine,16,0.6980938987419962,7.316474170561937e-06,-0.004934270700776689,0.9737327464225884,0.09449016013295294,0.2978277956064401,-0.24733558726501476,0.058284442881314624,0.5629407919310853,45
Mistral,caa_per_layer_cosine,17,0.7155829708777383,1.040979508339801e-08,-0.05287400475230292,0.7151534783546996,0.12119945123888962,0.2056438927020282,-0.2613376438209106,0.032724593501346655,0.5476838501700565,45
Mistral,caa_per_layer_cosine,18,0.6980051975153493,9.822030501521195e-10,-0.04263296246280976,0.7695461000540296,0.13641387304247032,0.19370342223343484,-0.2768935192077852,0.020333388057692033,0.5511636081100699,45
Mistral,caa_per_layer_cosine,19,0.6715082035567559,3.366897837209829e-09,-0.06808581125883056,0.6371705066560065,0.153517103400533,0.2511637315188123,-0.31187769713733554,0.00933672045263488,0.520493274825187,45
Mistral,caa_per_layer_cosine,20,0.6428349916140862,1.7375935059205415e-07,-0.12449751825080313,0.4362021807259385,0.19381665525388972,0.24602597986752917,-0.30298292026617135,0.020986681187332747,0.44794841962840304,45
Mistral,caa_per_layer_cosine,21,0.61092390910075,4.843980384694195e-07,-0.11219398009714701,0.4851678078018691,0.20704444497163155,0.24983116718991238,-0.293522619322864,0.0389433101819072,0.42563817222149514,45
Mistral,caa_per_layer_cosine,22,0.569612337949034,3.907894456726203e-06,-0.06857841412297315,0.674589929144749,0.21083912365385593,0.24636204471278444,-0.3023253735124165,0.03643773421536674,0.4284489643126105,45
Mistral,caa_per_layer_cosine,23,0.5527277081090775,7.902777523508058e-06,-0.07382983199906175,0.6501640808006226,0.2006920892054401,0.2697212582631615,-0.30595979821445085,0.04272146404331017,0.4041060944081889,45
Mistral,caa_per_layer_cosine,24,0.5537412916297999,1.1767607550609735e-05,-0.08671772699326048,0.6118462838040749,0.19920761168102863,0.28127937472079223,-0.3025593952837755,0.0475392977803718,0.39155938543883184,45
Mistral,caa_per_layer_cosine,25,0.5258584360252853,3.52208232591073e-05,-0.07820647009311342,0.6540168037252421,0.2015711048726777,0.28719315344395024,-0.30693468704003624,0.051909031208775394,0.37641835440115623,45
Mistral,caa_per_layer_cosine,26,0.5057878135763046,4.092643931732747e-05,-0.053961295389089003,0.755775120789233,0.19924631967901035,0.2898501874789189,-0.3081056852341125,0.04598838325241978,0.37607578302266265,45
Mistral,caa_per_layer_cosine,27,0.47968905428264547,3.722012500613944e-05,-0.03607376589033436,0.8286914669558926,0.19369421834663933,0.3159493813391244,-0.3101334407074519,0.05297693046951139,0.3645129190246149,45
Mistral,caa_per_layer_cosine,28,0.46389712614787526,4.1129852019599064e-05,-0.037889720798248865,0.8203265872282637,0.19487993060095238,0.33241656158925936,-0.3059781519713359,0.059976687992897564,0.34695656736401526,45
Mistral,caa_per_layer_cosine,29,0.44504295600538657,8.914287074619636e-05,-0.02528888454543478,0.8787530406241635,0.19468296101354854,0.3543098008223482,-0.29658452213189007,0.06889354974903379,0.33333613157841735,45
Mistral,caa_per_layer_cosine,30,0.42618881188228924,7.818256285807405e-05,-0.014485849509507442,0.9311959326182498,0.19809172664428396,0.37281544913029074,-0.281706865988356,0.09066162415165054,0.3170871146108015,45
Mistral,caa_per_layer_cosine,31,0.3858299867036557,0.0003304862150395991,8.446849805964343e-05,0.9996006808938105,0.20777427156438655,0.36708229722182073,-0.2573374560492571,0.132187413347665,0.2845283803059353,45
Mistral,caa_per_layer_cosine,32,0.3885289433878591,0.0051005986099690506,-0.056911435553517326,0.7409761955867604,0.2314296245138339,0.3779889595988277,-0.22920989563342845,0.18562410274454821,0.24790967461658364,45
Mistral,beam_per_layer_cosine,0,0.2097360031466,0.16126691438352436,-0.009191967590273836,0.9448646223172751,0.15502921232281483,0.4713938727609589,-0.34778580891608046,0.07109089534580115,0.21215007365003957,45
Mistral,beam_per_layer_cosine,1,0.09872110670628187,0.5748731778228116,0.24354433412663012,0.24785937029019545,0.13972669647769217,0.546946526714839,-0.2992017123021047,0.15901790342943645,0.24034271160852272,45
Mistral,beam_per_layer_cosine,2,-0.024617773182631256,0.9344958438719266,0.500732787489521,0.09302624696535756,0.2753058126125813,0.1320785884524163,-0.09131217151296911,0.3497763024939088,0.3263948229556628,45
Mistral,beam_per_layer_cosine,3,-0.02465520944690623,0.9342128048071969,0.5024873631191883,0.09263311305660923,0.2718249706647758,0.13058773610071506,-0.09664987949714575,0.3221306758595507,0.3277035823031329,45
Mistral,beam_per_layer_cosine,4,-0.01971529773858451,0.9472365443205989,0.5005286324794537,0.09390986699305738,0.26732278195792397,0.13089915552839182,-0.10383957858179756,0.29326627141504447,0.32963929702985406,45
Mistral,beam_per_layer_cosine,5,-0.005550282101795422,0.9849876965792645,0.4938268471549244,0.09835916160309717,0.25867617351982747,0.13142351627393076,-0.11521826913943913,0.2591062334579737,0.3339383288934902,45
Mistral,beam_per_layer_cosine,6,0.02192470834904254,0.9393281759470622,0.4689268544872914,0.11250063070068292,0.2566736677685028,0.11120588693778741,-0.13485305091402652,0.2286696529650839,0.33925892556328574,45
Mistral,beam_per_layer_cosine,7,0.03048660813328267,0.9132716798383153,0.469043740381273,0.10504858708969103,0.24310635539151967,0.11329837027622686,-0.15704342317564426,0.19361556022463333,0.34823823620453265,45
Mistral,beam_per_layer_cosine,8,0.06455245421468854,0.8064648014038338,0.4359804233575593,0.11788959597238859,0.2468147841295681,0.10180882425053812,-0.18959805778815308,0.16914543959798645,0.3629138926981471,45
Mistral,beam_per_layer_cosine,9,0.07694992413421159,0.751147059552826,0.4182071374222918,0.11619939775445803,0.2151458494849914,0.17523337289386565,-0.21042612244332864,0.16283732634700765,0.3494508577554567,45
Mistral,beam_per_layer_cosine,10,0.09157509876937045,0.6927685401454742,0.3997512213864525,0.1265625495173172,0.21760943919588224,0.18597655326056295,-0.21171002018708712,0.15958414670907206,0.3465030524953341,45
Mistral,beam_per_layer_cosine,11,0.1114922112442351,0.6224172216099908,0.39150621887745146,0.14252727129750237,0.19998090707512456,0.23398603130989615,-0.21611103152419106,0.15269000140615635,0.34937341230741614,45
Mistral,beam_per_layer_cosine,12,0.13431733723608688,0.5370112019374846,0.37157080827457095,0.15587226547514826,0.20054507090921822,0.23979833962898378,-0.21128233007669348,0.1666648316949001,0.348384387632406,45
Mistral,beam_per_layer_cosine,13,0.139044099404791,0.5017637828469732,0.3556507200613792,0.1608920421343154,0.2260467343427104,0.19378605357014989,-0.20672134765046166,0.18409551410977387,0.3484136770039006,45
Mistral,beam_per_layer_cosine,14,0.15708206405306277,0.4261668881400503,0.3280187281091282,0.19040145752509874,0.20860633737724604,0.24349557493473317,-0.21560132837063678,0.1599973000194408,0.3337762613989118,45
Mistral,beam_per_layer_cosine,15,0.18826433615586935,0.3430982148389131,0.29746391177195086,0.24229828911569717,0.17888805941826436,0.313146725285139,-0.23594354651164026,0.12119702572291097,0.3295167018016266,45
Mistral,beam_per_layer_cosine,16,0.18733773115725874,0.28996609170720933,0.24338837180421538,0.28455092228892265,0.24659511526904687,0.18213109685535345,-0.26843208448732625,0.08242641307527919,0.33881066301348484,45
Mistral,beam_per_layer_cosine,17,0.22690400839120228,0.1846919624228499,0.1943407705945486,0.386926214004888,0.16109690610724012,0.39603442413082346,-0.3057815146265582,0.06444716771726974,0.3094159007367696,45
Mistral,beam_per_layer_cosine,18,0.24486116295258584,0.15075715519238042,0.17002046240296045,0.4535748153128001,0.17286151665908475,0.3540068499845862,-0.3105417833853713,0.060697110264716025,0.3137760151424135,45
Mistral,beam_per_layer_cosine,19,0.28991331871703646,0.08497957053837117,0.10469081555871124,0.6582087103906324,0.10042804944786228,0.6396060477834897,-0.31500048427926725,0.07957847965523973,0.2725237013355525,45
Mistral,beam_per_layer_cosine,20,0.3106571588746203,0.047424123072254624,0.054549252021773034,0.8058020327142792,0.12925809316749587,0.5761378313566902,-0.28504038434228185,0.13510689058419695,0.244923029372335,45
Mistral,beam_per_layer_cosine,21,0.3134816888608783,0.03817008873601922,0.0168023012929368,0.9348794447365589,0.13573843953307682,0.5541638066345895,-0.27412402508903877,0.1450740824661247,0.21950927504255502,45
Mistral,beam_per_layer_cosine,22,0.2683920709500024,0.07364712763701582,0.009052765861951525,0.9621117534024721,0.19500720574697597,0.3926031665997851,-0.2846577071687597,0.12741257736051964,0.22260780786983436,45
Mistral,beam_per_layer_cosine,23,0.26480610575694546,0.07788271561554667,-0.008996055551195552,0.9617998417123829,0.20178910251079435,0.377292437454931,-0.2887043834410367,0.12032986244955278,0.2186989061881769,45
Mistral,beam_per_layer_cosine,24,0.25060672009707957,0.09190742076993608,-0.0056012924787924,0.9762562221703891,0.21332629623842533,0.33867014975516063,-0.3037665387029889,0.10390706027294618,0.2299510984249553,45
Mistral,beam_per_layer_cosine,25,0.24548150289029053,0.08404563451890239,-0.023569742462550138,0.8961152268539787,0.19570225167891256,0.3638569222731721,-0.30605949321072123,0.10741700321092326,0.21210955727554537,45
Mistral,beam_per_layer_cosine,26,0.24093830447552797,0.0869234622932155,-0.037169701809982164,0.8362719250905972,0.19923152972592093,0.3405644429020136,-0.3081601926879705,0.10814100676492981,0.2086417529608171,45
Mistral,beam_per_layer_cosine,27,0.24826491780191148,0.08040518754678591,-0.05740776560498106,0.7550539679696717,0.19138343602808666,0.3483420932846588,-0.3075339983777232,0.1127960429873693,0.2002487680307875,45
Mistral,beam_per_layer_cosine,28,0.25426079395937984,0.08751122248255289,-0.06355652089620857,0.7421208792913816,0.1796731688896689,0.3764769817632183,-0.31793423290639605,0.09503166977840373,0.20200420925394613,45
Mistral,beam_per_layer_cosine,29,0.26590225954850616,0.07181350004001623,-0.06952432853016614,0.7210792545645472,0.1735909543077603,0.39397704599300887,-0.31613992804811925,0.09587078354416938,0.20042727793472093,45
Mistral,beam_per_layer_cosine,30,0.2808542632421737,0.0497395644882374,-0.08125308429183892,0.6739266566543791,0.16256415050633116,0.4168140305573109,-0.3105036735135152,0.10375261149863078,0.19345028172202838,45
Mistral,beam_per_layer_cosine,31,0.29134308601524395,0.045446775865681896,-0.09845721046124899,0.6165310312593733,0.1412776073253221,0.4964048507273384,-0.30902355992435976,0.10572876158960401,0.18163451963554567,45
Mistral,beam_per_layer_cosine,32,0.3639187342055236,0.02313156463301323,-0.0777859729394171,0.7093232665600978,0.016409656182605363,0.9472363641143227,-0.21071507394626085,0.2975889275167415,0.13570781142280308,45
DS-V2-Lite,caa_per_layer_l2,0,,,,,,,,,,45
DS-V2-Lite,caa_per_layer_l2,1,0.526812019309978,0.004306988202129447,-0.5080004086529596,0.0022368747130080574,-0.14305763693809226,0.43675749979787704,0.15582402497518147,0.4989523098455585,0.12665523996492345,45
DS-V2-Lite,caa_per_layer_l2,2,0.39810192273001066,0.054417367665208716,-0.5160466347954041,0.003715990283288296,-0.10387053567855645,0.6087719630434631,0.31375076620677084,0.07841104794952959,0.1933332426497445,45
DS-V2-Lite,caa_per_layer_l2,3,0.3602123089156717,0.09392349458597003,-0.5144213182910183,0.009085639863289946,-0.288612566545781,0.11133689589197455,0.17525447688901907,0.2733699232089166,0.21149160315929372,45
DS-V2-Lite,caa_per_layer_l2,4,0.5874270757517428,0.008177962829356783,-0.868829058939676,9.7556481781669e-06,-0.11918605726499833,0.5323529875876057,0.08656798115992317,0.5648165111184702,0.2406333953221128,45
DS-V2-Lite,caa_per_layer_l2,5,0.6008646362052669,0.0012149987867407922,-0.8142886400665044,3.37180298820345e-06,-0.09224088435391195,0.6893571070723455,0.1081957123314099,0.5950677654414851,0.1997785628874681,45
DS-V2-Lite,caa_per_layer_l2,6,0.589126142517811,0.0026097437392386645,-0.6231432910666223,0.0006698641886901694,-0.29260164647629516,0.31786442781871505,0.18470342548150165,0.34616912166629454,0.2442660682397213,45
DS-V2-Lite,caa_per_layer_l2,7,0.44902020150785915,0.008252783923911891,-0.5331383346231463,0.0005789570111350245,-0.2538465429569465,0.24823977479960413,0.26193597129021595,0.09801697626030934,0.2358991731029797,45
DS-V2-Lite,caa_per_layer_l2,8,0.4206441036376459,0.0032128191007893755,-0.3266893548043635,0.005939763920154507,-0.16204677494989214,0.5451043837252796,0.3006735134653748,0.10911216121829913,0.1856445173198119,45
DS-V2-Lite,caa_per_layer_l2,9,0.3711958817445936,0.042643386799563934,-0.19663552509670235,0.1793304962680108,-0.1687831559812265,0.46388124697759314,0.18718540982895956,0.3167796360276248,0.12874946165091894,45
DS-V2-Lite,caa_per_layer_l2,10,0.2484844577141797,0.2630119432698671,-0.22959954505664443,0.268450902800483,-0.011435971077370386,0.9484907229646029,0.24249583968327706,0.1668589013596561,0.07570737601469324,45
DS-V2-Lite,caa_per_layer_l2,11,0.03551043310657423,0.8799484616546942,0.03389410014305651,0.891269978803231,-0.05384764442280583,0.8409563271899972,0.2503285389600099,0.19988170920689707,0.07667207399197162,45
DS-V2-Lite,caa_per_layer_l2,12,0.006282821811755362,0.9795777200352632,-0.11637934265607829,0.6872578587017116,-0.08861559952622174,0.687479961113075,0.24509029960069337,0.12036519002683242,0.09088447392098409,45
DS-V2-Lite,caa_per_layer_l2,13,-0.001065481742385502,0.9967660122926849,-0.06334778604745067,0.8413776144065839,-0.16920265708767346,0.39308479463205803,0.1359670823086052,0.34662921371209576,0.06252720324479366,45
DS-V2-Lite,caa_per_layer_l2,14,-0.01080071490297186,0.9662763401527598,0.051983491645379264,0.8718910406203436,-0.16525514732540447,0.40699965976828667,0.21454050566836722,0.11392417996805283,0.0925634052398111,45
DS-V2-Lite,caa_per_layer_l2,15,0.023942704692656854,0.9170930143948174,0.03849934446127157,0.8890291077334471,-0.1685803359109432,0.30830956350858174,0.3099158176142305,0.009931508192342575,0.153737882063678,45
DS-V2-Lite,caa_per_layer_l2,16,0.04388303264480316,0.8439121107879115,0.006732028814257217,0.9794000113438532,-0.16103508212703013,0.3694458878735509,0.35041674508397375,0.0032482868525767427,0.17887427253621535,45
DS-V2-Lite,caa_per_layer_l2,17,0.052849186042492426,0.8037277464781832,0.01962371919410057,0.9364867321426655,-0.22590583741504056,0.24528566360464377,0.3893069130865562,0.0011319233566465605,0.25069039255144965,45
DS-V2-Lite,caa_per_layer_l2,18,0.09230630177963338,0.6566588693583901,0.07884240635315716,0.7457145953435954,-0.24833471406488467,0.17995698456769016,0.4109229245887317,0.00036883722637905353,0.30793032029705225,45
DS-V2-Lite,caa_per_layer_l2,19,0.13829675692426882,0.5115128044026293,0.08719160111192974,0.7203163276756306,-0.24909594015767514,0.17504969677620108,0.3772755879101836,0.0008454066245095542,0.29812381931243204,45
DS-V2-Lite,caa_per_layer_l2,20,0.13584458377675604,0.5238437138760554,0.0810925638221758,0.7268620813599402,-0.2259303526006385,0.16622527189232084,0.418466118128281,0.0003784101213023536,0.31666606241277007,45
DS-V2-Lite,caa_per_layer_l2,21,0.13983491765757108,0.4984952860544145,0.11642517131758723,0.5983398920271356,-0.2234231468038602,0.20009287216932958,0.4159844705733077,0.0009329275638010505,0.3299006430776751,45
DS-V2-Lite,caa_per_layer_l2,22,0.15947661242072758,0.4408158175548579,0.09866884003086318,0.6490554643761655,-0.20694617980539867,0.23877786395099632,0.4357628633389872,0.00040094663974502194,0.33941559523840426,45
DS-V2-Lite,caa_per_layer_l2,23,0.19477908022802418,0.3425452752594973,0.04692362024740388,0.8252463757215861,-0.2630626857807732,0.1377835038996351,0.38963844909311257,0.0017525038937959661,0.32728159708944693,45
DS-V2-Lite,caa_per_layer_l2,24,0.21031775173265022,0.28646776094226256,-0.0003608629763603624,0.9986432402634937,-0.2928459392808278,0.1759511772456851,0.36012307898086526,0.0039158959149351805,0.3112544328171256,45
DS-V2-Lite,caa_per_layer_l2,25,0.22401605666154353,0.275933386227864,-0.026245693916454274,0.9064707869122749,-0.3294680625703121,0.0806899623451775,0.3307016922650151,0.004774227053515193,0.31199621792702326,45
DS-V2-Lite,caa_per_layer_l2,26,0.20609888554760428,0.3039989623805437,-0.03445801710598618,0.881781319876604,-0.3275308854695013,0.08930800875956414,0.3227411454694826,0.007391993013616736,0.29459936738429127,45
DS-V2-Lite,caa_per_layer_l2,27,0.31308012994030116,0.1626474023104677,-0.14468705339608331,0.5490757506969068,-0.10350792214367395,0.4471233159464387,0.23231298399217848,0.10520316699301045,0.11678319348176969,45
DS-V2-Lite,caa_per_layer_cosine,0,,,,,,,,,,45
DS-V2-Lite,caa_per_layer_cosine,1,-0.55288268672101,0.0030528629632226244,0.49384098923018344,0.0031439829740935255,0.12620439545739134,0.4738984859290959,-0.14395687314931993,0.5165663531746918,0.12109911108604854,45
DS-V2-Lite,caa_per_layer_cosine,2,-0.39402699025757537,0.07571565911106215,0.495565729652047,0.007618714019756538,0.09834164256290116,0.6422236314716425,-0.2920243884992234,0.09928324809401827,0.17087043434898253,45
DS-V2-Lite,caa_per_layer_cosine,3,-0.35139681212582047,0.1287906136733736,0.500589734506273,0.014511981336537283,0.32027848364285516,0.09126239242017896,-0.11157475365986678,0.4567694234605598,0.20122766316312068,45
DS-V2-Lite,caa_per_layer_cosine,4,-0.5911342602257871,0.011694383437694992,0.849841287495257,2.6732243400556455e-05,0.12159343422567333,0.5089364775977614,-0.0688875164134395,0.640209280630222,0.22314281219522525,45
DS-V2-Lite,caa_per_layer_cosine,5,-0.6053119237030103,0.0012919608688731965,0.7995195310068149,4.298722527074838e-06,0.1056305932340292,0.6561868672408298,-0.12188752818024633,0.557023837414077,0.1977608296899177,45
DS-V2-Lite,caa_per_layer_cosine,6,-0.6210904319702024,0.004390059886893349,0.6579228724667336,0.0009407248979975005,0.28126927738787216,0.3005940505073762,-0.18030518848513266,0.3396856863051584,0.24568117105277265,45
DS-V2-Lite,caa_per_layer_cosine,7,-0.4801416315258679,0.007021815880233602,0.5631009445583227,0.00040558216965600044,0.23212055759057568,0.24707096426072406,-0.25151055459942406,0.10220160319255908,0.223993238904029,45
DS-V2-Lite,caa_per_layer_cosine,8,-0.43415776703625913,0.0031082106241741253,0.33652999603474926,0.00444050869229395,0.19296417092594853,0.4644751455485985,-0.29051126996824655,0.10633741308822561,0.19720525382207776,45
DS-V2-Lite,caa_per_layer_cosine,9,-0.3559174257927053,0.04888087388758243,0.20406430599884948,0.1565474180175769,0.21448834508323883,0.3804227199135425,-0.15922882121813103,0.4191194694798557,0.1303299938290574,45
DS-V2-Lite,caa_per_layer_cosine,10,-0.2818798464310691,0.17495882007871844,0.26686019171561953,0.1717181658515481,0.01868250514405785,0.9233096545432546,-0.2504080533319058,0.19492181689989885,0.08542380796323612,45
DS-V2-Lite,caa_per_layer_cosine,11,-0.04564920932355089,0.8508397096188087,-0.017358555658613713,0.9466843595905337,0.10847381797710318,0.6746851895307673,-0.18619617913381675,0.3459242085260458,0.06009881880541457,45
DS-V2-Lite,caa_per_layer_cosine,12,-0.014797208197844969,0.9527133645444649,0.13854740940258065,0.6397068064244691,0.08642158415951431,0.6763182287066138,-0.25316821400163253,0.1166272776398265,0.09814489203808441,45
DS-V2-Lite,caa_per_layer_cosine,13,-0.0073159545204383265,0.9766474969020823,0.07548039852795618,0.8132889187329944,0.08089124796922038,0.6734947931695049,-0.2532178996575528,0.11125335516434866,0.0854972638457473,45
DS-V2-Lite,caa_per_layer_cosine,14,0.014906626816055122,0.950903612096756,-0.03235532035957581,0.9212553358463307,0.1071826954211416,0.5488339845163543,-0.2832488362706613,0.05732228102128552,0.10703434272657009,45
DS-V2-Lite,caa_per_layer_cosine,15,-0.049851944626616934,0.8176937058578447,0.011464679312510828,0.9670817651716405,0.12133217262125354,0.42797009053506196,-0.34519305867341654,0.0070294171643836365,0.15603853201026952,45
DS-V2-Lite,caa_per_layer_cosine,16,-0.06480525163356361,0.7561191743649844,0.036065806352012356,0.888890833411357,0.1258567957025836,0.428239780161064,-0.3655326642159318,0.004869536179659076,0.17345200538300665,45
DS-V2-Lite,caa_per_layer_cosine,17,-0.08809584688376804,0.671851119806175,0.04598721898501956,0.8539914676223961,0.1532675981165373,0.3872513340193955,-0.40141799051536053,0.0012960601265945876,0.21763375759868808,45
DS-V2-Lite,caa_per_layer_cosine,18,-0.12738716020049332,0.5332125184772907,-0.011237428483460836,0.9637491677976933,0.1985877966843961,0.24893613330055575,-0.41034732108835453,0.0004157626919202539,0.26661387711174966,45
DS-V2-Lite,caa_per_layer_cosine,19,-0.14813924199803588,0.48067469528613804,-0.04648571744871666,0.8533603572993914,0.20790120959235503,0.21664535701392584,-0.3761929653718545,0.0008689776810399724,0.2591508291897322,45
DS-V2-Lite,caa_per_layer_cosine,20,-0.1589952490788946,0.46339543799136007,-0.026760854776495598,0.9129239231100451,0.15614888200389104,0.34374520169772205,-0.3938484590948788,0.001572599232690415,0.24303323144044264,45
DS-V2-Lite,caa_per_layer_cosine,21,-0.16226206839374374,0.4584623989992479,-0.06981953388829248,0.7754141353271891,0.1494686899291356,0.3772397688743331,-0.37915659615367914,0.0021695660557953765,0.24475785021814667,45
DS-V2-Lite,caa_per_layer_cosine,22,-0.19403367103335487,0.38714631780626296,-0.0517278436461161,0.8331761846670531,0.14161356995818708,0.4212993217223311,-0.3665165098642998,0.002989383606484474,0.23758602355443403,45
DS-V2-Lite,caa_per_layer_cosine,23,-0.23130084690592087,0.29328338819787714,-0.005360504233979875,0.982154747298386,0.16249305801142905,0.39793787767402644,-0.3176499640992505,0.016180286400775186,0.20829309051749434,45
DS-V2-Lite,caa_per_layer_cosine,24,-0.26613735460162696,0.2319520053833971,0.039130074351594435,0.8708704662462171,0.1700963436962828,0.4223855183269519,-0.27304377019100534,0.05942103817453414,0.18053664075136466,45
DS-V2-Lite,caa_per_layer_cosine,25,-0.274914571233751,0.20982998529825436,0.07641648465519006,0.7496287087555987,0.19900297607594444,0.3322856470352056,-0.2636641969107219,0.06442266001003316,0.1797914610383351,45
DS-V2-Lite,caa_per_layer_cosine,26,-0.30119261397615105,0.17620712449974085,0.11315024368539726,0.6513044186718133,0.20005346252923809,0.2982536474409697,-0.2605696205824724,0.06761834238725453,0.17782882343219497,45
DS-V2-Lite,caa_per_layer_cosine,27,-0.3486806618494122,0.18192610363639294,0.2527078138614481,0.39067695893948784,0.16203433954445587,0.21357599708739217,-0.23686264096283036,0.0404314444986179,0.1336401955301012,45
DS-V2-Lite,beam_per_layer_cosine,0,-0.1439652756516265,0.49726306220653094,0.2666523487391282,0.33934987202405287,0.08721784694220992,0.5138955396131735,-0.26254594464603287,0.007322027008403557,0.11294703030137998,45
DS-V2-Lite,beam_per_layer_cosine,1,-0.18185860517137484,0.4393992170262486,0.27804224924738186,0.35672958335332916,0.09373330252005466,0.4837006265016667,-0.24953244551249046,0.014805848471841807,0.10511507208547166,45
DS-V2-Lite,beam_per_layer_cosine,2,-0.2221905651950296,0.33914751820587286,0.29895873100044545,0.2833738733668917,0.056005140122055395,0.6970166988188633,-0.2530145781688733,0.015568196826743971,0.0975234945896647,45
DS-V2-Lite,beam_per_layer_cosine,3,-0.3636041166261815,0.1882653753630481,0.4298518195607442,0.07113718242214694,0.07366640424374023,0.7366584001466108,-0.15169206646592173,0.23326226276609952,0.07955139346532547,45
DS-V2-Lite,beam_per_layer_cosine,4,-0.5000945880873978,0.09044815279760657,0.581579331175826,0.02629776242603607,0.0021636099339183467,0.9895881590012888,-0.13964267777624748,0.22609710510377612,0.10304702416922285,45
DS-V2-Lite,beam_per_layer_cosine,5,-0.5037883186600131,0.08446308677909627,0.5904393880605869,0.02322613012209441,0.005195368219928327,0.9753036183429701,-0.13701134684517532,0.21006605158989067,0.10515573656672439,45
DS-V2-Lite,beam_per_layer_cosine,6,-0.4763172202120169,0.09593612786407711,0.5554490405022027,0.030061079787521358,0.011383815273981161,0.9458440929637619,-0.15288577403487824,0.1567559362977706,0.10043921865278849,45
DS-V2-Lite,beam_per_layer_cosine,7,-0.4586587877854552,0.10392990302766789,0.5293851272938525,0.03127938259196341,0.004282654551045252,0.9799461950188036,-0.15181527335083686,0.1879534586681122,0.09246439039505217,45
DS-V2-Lite,beam_per_layer_cosine,8,-0.4510152122414092,0.1112755105876967,0.5190808179423378,0.039157970813020686,-0.0021189168925947414,0.9898531058855632,-0.16379700371585204,0.14638849557297057,0.09307959707287139,45
DS-V2-Lite,beam_per_layer_cosine,9,-0.4494376310083744,0.11146861703686989,0.5131743351043746,0.03792308241385535,0.003002896721816877,0.9851769094465346,-0.17216049016598056,0.11718709059763413,0.09483030935697467,45
DS-V2-Lite,beam_per_layer_cosine,10,-0.4393530051393587,0.11255804954209718,0.49115993888329457,0.042364621994860886,0.01496817270148899,0.9298098300329757,-0.16788834120835244,0.14377929185651322,0.08927457176253106,45
DS-V2-Lite,beam_per_layer_cosine,11,-0.4246319609445637,0.13637816094362998,0.48295994023581923,0.0551762265587599,0.01775283900097048,0.9147033005310446,-0.14741612916438615,0.17448792327250073,0.08085291741512435,45
DS-V2-Lite,beam_per_layer_cosine,12,-0.3767716334060573,0.18035684394165707,0.45102349876932835,0.06369535988784306,0.01673577347019915,0.92317404046471,-0.14474773416639228,0.20872880245259695,0.0727785689164493,45
DS-V2-Lite,beam_per_layer_cosine,13,-0.3469766831162959,0.21261192401116014,0.4161530431078777,0.09099637681598989,0.05131979018027025,0.7636694261842017,-0.16424777946589783,0.14517178935009886,0.07663524212152806,45
DS-V2-Lite,beam_per_layer_cosine,14,-0.30849850293285386,0.26078739911570503,0.3763693570850181,0.12374817213005482,0.0427247362574164,0.8082338051403111,-0.16086327081664112,0.21201708388622942,0.0663199099713283,45
DS-V2-Lite,beam_per_layer_cosine,15,-0.3181876630285598,0.2528012556784133,0.3863903036607447,0.10700484372167052,0.02564697712925128,0.8863949764797036,-0.1603196653671812,0.23858851645264145,0.06547293404201704,45
DS-V2-Lite,beam_per_layer_cosine,16,-0.3104105920029445,0.26922181056111016,0.39515015765009237,0.10221537329878855,0.032873593488659654,0.8509515899598658,-0.18063358451115252,0.17760589759526868,0.07617112490789268,45
DS-V2-Lite,beam_per_layer_cosine,17,-0.32126331976275063,0.24198003704214444,0.410322835589774,0.08407611911883608,0.06362370054874293,0.7355621360485143,-0.1815133487290553,0.1959599865064675,0.08537663325955847,45
DS-V2-Lite,beam_per_layer_cosine,18,-0.3477539110606466,0.20948950350145834,0.45355797865555453,0.059970539219637894,0.060374583660841634,0.7404788500305887,-0.1967654391161382,0.13719877183368706,0.10100485615544919,45
DS-V2-Lite,beam_per_layer_cosine,19,-0.349945664028819,0.1986643478525969,0.4686227218841819,0.048681791811673,0.06785670058068242,0.6936447466950294,-0.20234957949226445,0.1340650386369792,0.10964392092492181,45
DS-V2-Lite,beam_per_layer_cosine,20,-0.39326750570713687,0.14780823778472804,0.5220544446592303,0.032478543673337565,0.07876537647362053,0.6388829408282506,-0.21931219552357006,0.07665825557367614,0.1335379415877339,45
DS-V2-Lite,beam_per_layer_cosine,21,-0.4018613314952147,0.12434432187185102,0.5430375403231749,0.027120292758951087,0.10869534856155184,0.5182946860506303,-0.22631611818875608,0.0869178014673846,0.15261514764025697,45
DS-V2-Lite,beam_per_layer_cosine,22,-0.4066045663248152,0.11842765079334137,0.5449278832420078,0.030131500827180458,0.09777016493887475,0.5601922502446062,-0.2151979042585463,0.12659342559012376,0.14379064545411746,45
DS-V2-Lite,beam_per_layer_cosine,23,-0.408452762801325,0.10050544816324389,0.5603540931642688,0.027495831963014975,0.11278365575412103,0.5004479901058773,-0.2202237234173361,0.11968152579352517,0.15687134820576465,45
DS-V2-Lite,beam_per_layer_cosine,24,-0.38263129476123364,0.09571213100877665,0.5567508933856787,0.0339378822556157,0.12035373857752453,0.4826133082996862,-0.21156230982991348,0.15162674725496095,0.15826395135062088,45
DS-V2-Lite,beam_per_layer_cosine,25,-0.32008601164941225,0.0725201638930324,0.508378650441749,0.06470437261191818,0.14243656206477368,0.34349442444972433,-0.20853128221283337,0.1473887906668309,0.15673345486251422,45
DS-V2-Lite,beam_per_layer_cosine,26,-0.12422230614459792,0.16289477426614396,0.33701252040837526,0.23094001626773364,0.08155081435503313,0.32736940312650864,-0.17640890056108757,0.2293086388987896,0.10115171065183282,45
DS-V2-Lite,beam_per_layer_cosine,27,-0.16833580993290678,0.11228516218798452,0.32936934815173663,0.2258998995503615,0.10114503332816156,0.2300869363389404,-0.22355383338150486,0.12083185993365875,0.11185624769208824,45
